date,max_temperature,avg_temperature,min_temperature,min_windchill,max_relative_humidity,avg_relative_humidity,min_relative_humidity,max_wind_speed,avg_wind_speed,min_wind_speed,max_visibility,avg_hourly_visibility,avg_visibility,min_visibility,precipitation,rain,snow,snow_on_ground
7/31/22,28.4,22.6,16.8,,90,68,46,25,14,3,24100,24100,24100,24100,0,0,0,
7/30/22,27.1,21.3,15.5,,92,67.5,43,24,15,6,24100,24100,24100,24100,0,0,0,
7/29/22,28.9,21.7,14.5,,87,60,33,35,20,5,24100,24100,24100,24100,0,0,0,
7/28/22,29.5,24.2,18.9,,100,67.5,35,39,22,5,24100,23233.3,20100,16100,0.8,0.8,0,
7/27/22,26.2,21.1,16,,99,75,51,20,10.5,1,24100,24100,24100,24100,0,0,0,
7/26/22,24.2,19,13.8,,84,68.5,53,16,9.5,3,24100,24100,24100,24100,0,0,0,
7/25/22,23.4,19.6,15.8,,85,63.5,42,35,21.5,8,24100,24100,24100,24100,0,0,0,
7/24/22,31,26.05,21.1,,100,77,54,37,22.5,8,24100,23162.5,12850,1600,18.4,18.4,0,
7/23/22,33.2,27.5,21.8,,69,54.5,40,35,19.5,4,24100,24100,24100,24100,0,0,0,
7/22/22,32.7,25.95,19.2,,82,55.5,29,36,19.5,3,24100,24100,24100,24100,0,0,0,
7/21/22,31.3,26.35,21.4,,91,63.5,36,46,29,12,24100,24100,24100,24100,0,0,0,
7/20/22,31.7,27.54,23.4,,85,67.5,50,39,23,7,24100,24100,24100,24100,0,0,0,
7/19/22,34.7,27.1,19.5,,80,57.5,35,29,19.5,10,24100,24100,24100,24100,0,0,0,
7/18/22,27.9,23.75,19.6,,100,77,54,31,20,9,24100,18820.8,13650,3200,16,16,0,
7/17/22,29.4,23.9,18.4,,87,59,31,19,10,1,24100,24100,24100,24100,0,0,0,
7/16/22,29.4,23.04,16.7,,86,56.5,27,21,10.5,0,24100,24100,24100,24100,0,0,0,
7/15/22,27.1,21,14.9,,77,54,31,21,12,3,24100,24100,24100,24100,0,0,0,
7/14/22,26.8,20.95,15.1,,100,65.5,31,22,12.5,3,24100,24100,24100,24100,0,0,0,
7/13/22,24.1,20.35,16.6,,90,64,38,24,12.5,1,24100,24100,24100,24100,0,0,0,
7/12/22,28.1,23.2,18.3,,86,66.5,47,37,24.5,12,24100,24100,24100,24100,0,0,0,
7/11/22,31.6,23.5,15.4,,81,52,23,48,24.5,1,24100,23900,21700,19300,0.4,0.4,0,
7/10/22,27.8,20.95,14.1,,84,57,30,24,14,4,24100,24100,24100,24100,0,0,0,
7/9/22,23.9,18.54,13.2,,74,51.5,29,21,11,1,24100,24100,24100,24100,0,0,0,
7/8/22,26.9,21.35,15.8,,86,67.5,49,28,15.5,3,24100,24100,24100,24100,0,0,0,
7/7/22,26.2,20.25,14.3,,99,72,45,18,10.5,3,24100,24100,24100,24100,0,0,0,
7/6/22,23.9,19.95,16,,95,76.5,58,22,13.5,5,24100,24100,24100,24100,0,0,0,
7/5/22,27.7,23.04,18.4,,100,79,58,35,19,3,24100,18854.2,13650,3200,7.4,7.4,0,
7/4/22,26.2,20.85,15.5,,66,52,38,16,9.5,3,24100,24100,24100,24100,0,0,0,
7/3/22,28.1,20.6,13.1,,61,43,25,25,14.5,4,24100,24100,24100,24100,0,0,0,
7/2/22,29.3,21.65,14,,67,46,25,34,20.5,7,24100,24100,24100,24100,0,0,0,
7/1/22,29.6,25,20.4,,81,64.5,48,30,19,8,24100,23566.7,20100,16100,0.6,0.6,0,
6/30/22,27.6,20.75,13.9,,83,64,45,21,11.5,2,24100,24100,24100,24100,0,0,0,
6/29/22,25.2,19.8,14.4,,100,74.5,49,23,12.5,2,24100,23766.7,20100,16100,4.2,4.2,0,
6/28/22,24.1,17.55,11,,75,56,37,26,13.5,1,24100,24100,24100,24100,0,0,0,
6/27/22,22,17.14,12.3,,69,56,43,37,24.5,12,24100,24100,24100,24100,0,0,0,
6/26/22,31.4,25.04,18.7,,91,71,51,28,14.5,1,24100,23900,21700,19300,0.4,0.4,0,
6/25/22,30.7,24.79,18.9,,73,55.5,38,19,11,3,24100,24100,24100,24100,0,0,0,
6/24/22,28.5,20.95,13.4,,65,45,25,19,13,7,24100,24100,24100,24100,0,0,0,
6/23/22,28.3,21.55,14.8,,71,51.5,32,30,22,14,24100,24100,24100,24100,0,0,0,
6/22/22,35.5,26.6,17.7,,71,47,23,37,20,3,24100,23500,21700,19300,0,0,0,
6/21/22,35.3,26.15,17,,86,61,36,37,21,5,24100,24100,24100,24100,0,0,0,
6/20/22,25.4,20.04,14.7,,74,54,34,22,11.5,1,24100,24100,24100,24100,0,0,0,
6/19/22,23.1,16.6,10.1,,65,40.5,16,29,20.5,12,24100,24100,24100,24100,0,0,0,
6/18/22,19.8,15.3,10.8,,67,47,27,51,32.5,14,24100,24100,24100,24100,0,0,0,
6/17/22,27.3,19.95,12.6,,64,48.5,33,53,33,13,24100,24100,24100,24100,0,0,0,
6/16/22,33.3,26.04,18.8,,90,59,28,40,21,2,24100,24100,24100,24100,0,0,0,
6/15/22,27.1,22.1,17.1,,72,59.5,47,18,10,2,24100,24100,24100,24100,0,0,0,
6/14/22,24.5,20.5,16.5,,64,53,42,20,10.5,1,24100,24100,24100,24100,0,0,0,
6/13/22,22.3,16.7,11.1,,100,73.5,47,16,9.5,3,24100,24100,24100,24100,0,0,0,
6/12/22,24.7,19.05,13.4,,100,77.5,55,32,17.5,3,24100,23500,21700,19300,1.2,1.2,0,
6/11/22,24.1,19.39,14.7,,77,63,49,29,16.5,4,24100,24100,24100,24100,0,0,0,
6/10/22,23,17.25,11.5,,80,56,32,26,17,8,24100,24100,24100,24100,0,0,0,
6/9/22,22.4,17.29,12.2,,100,73,46,31,18,5,24100,21166.7,16100,8100,4,4,0,
6/8/22,22.3,16.39,10.5,,100,73.5,47,17,9.5,2,24100,24100,24100,24100,3.6,3.6,0,
6/7/22,23,17.39,11.8,,100,82.5,65,35,21.5,8,24100,15041.7,12650,1200,12.6,12.6,0,
6/6/22,21.7,17.7,13.7,,100,75,50,19,11,3,24100,20766.7,16900,9700,9.2,9.2,0,
6/5/22,25.2,17.89,10.6,,56,38.5,21,25,14,3,24100,24100,24100,24100,0.8,0.8,0,
6/4/22,21.1,14.15,7.2,,62,43,24,32,20,8,24100,24100,24100,24100,0,0,0,
6/3/22,25.7,17,8.3,,97,62.5,28,32,18.5,5,24100,24100,24100,24100,0.2,0.2,0,
6/2/22,21.9,15.7,9.5,,78,52,26,24,13.5,3,24100,24100,24100,24100,0,0,0,
6/1/22,25.7,18.95,12.2,,98,77.5,57,30,16.5,3,24100,22766.7,18500,12900,4.2,4.2,0,
5/31/22,32.8,26.9,21,,69,53.5,38,36,19,2,24100,24100,24100,24100,0,0,0,
5/30/22,31.9,24.25,16.6,,78,56.5,35,33,17.5,2,24100,24100,24100,24100,0,0,0,
5/29/22,24.5,19,13.5,,70,59.5,49,21,11.5,2,24100,24100,24100,24100,0,0,0,
5/28/22,22.2,17.7,13.2,,100,73,46,23,13.5,4,24100,24100,24100,24100,1,1,0,
5/27/22,24,19.5,15,,100,80.5,61,21,15,9,24100,23166.7,20100,16100,1.8,1.8,0,
5/26/22,26.9,20.29,13.7,,89,71.5,54,34,19,4,24100,23766.7,20100,16100,2.4,2.4,0,
5/25/22,20.1,15.2,10.3,,73,58,43,27,17,7,24100,24100,24100,24100,0.2,0.2,0,
5/24/22,19.2,12.7,6.2,,78,56,34,21,11,1,24100,24100,24100,24100,0,0,0,
5/23/22,16.6,11.65,6.7,,68,54,40,17,9.5,2,24100,24100,24100,24100,0,0,0,
5/22/22,17.7,12.85,8,,100,81,62,36,19,2,24100,21358.3,15250,6400,0.4,0.4,0,
5/21/22,29.9,23.04,16.2,,100,76.5,53,60,32,4,24100,22979.2,13050,2000,6.2,6.2,0,
5/20/22,23.8,17.7,11.6,,99,79.5,60,29,17,5,24100,22166.7,20100,16100,0,0,0,
5/19/22,22.5,15.9,9.3,,100,71,42,24,13.5,3,24100,21966.7,18500,12900,0.2,0.2,0,
5/18/22,14.7,10.25,5.8,,79,61.5,44,16,10.5,5,24100,24100,24100,24100,0,0,0,
5/17/22,16.9,11.7,6.5,,73,58,43,36,28,20,24100,24100,24100,24100,0,0,0,
5/16/22,20.1,16.05,12,,99,77,55,30,17.5,5,24100,22300,16900,9700,10.8,10.8,0,
5/15/22,29.2,22.3,15.4,,100,65.5,31,27,14.5,2,24100,24100,24100,24100,0,0,0,
5/14/22,26.5,20.85,15.2,,89,71.5,54,20,10.5,1,24100,24100,24100,24100,0,0,0,
5/13/22,26.8,19.8,12.8,,71,50.5,30,20,10.5,1,24100,24100,24100,24100,0,0,0,
5/12/22,26.4,18.45,10.5,,59,39.5,20,17,9,1,24100,24100,24100,24100,0,0,0,
5/11/22,24.5,16.7,8.9,,61,44,27,15,7.5,0,24100,24100,24100,24100,0,0,0,
5/10/22,22.3,15.25,8.2,,51,36,21,16,9,2,24100,24100,24100,24100,0,0,0,
5/9/22,19.7,11.7,3.7,,65,42.5,20,20,11,2,24100,24100,24100,24100,0,0,0,
5/8/22,15.9,10.7,5.5,,57,39.5,22,28,16.5,5,24100,24100,24100,24100,0,0,0,
5/7/22,13.9,10.25,6.6,,45,34.5,24,28,16.5,5,24100,24100,24100,24100,0,0,0,
5/6/22,16.4,12.5,8.6,,64,50,36,30,17,4,24100,24100,24100,24100,0,0,0,
5/5/22,14.8,9.65,4.5,,77,55,33,26,15.5,5,24100,24100,24100,24100,0,0,0,
5/4/22,15.7,11.5,7.3,,100,78,56,28,21.5,15,24100,18687.5,15250,6400,8.6,8.6,0,
5/3/22,12.6,10.45,8.3,,100,84.5,69,20,12,4,24100,12591.7,13250,2400,13,13,0,
5/2/22,13.4,10.65,7.9,,100,85.5,71,23,13,3,24100,15550,12050,0,0.2,0.2,0,
5/1/22,11.4,8.85,6.3,,100,66,32,26,15.5,5,24100,23166.7,20100,16100,2,2,0,
4/30/22,13,7.25,1.5,,56,39,22,18,11,4,24100,24100,24100,24100,0,0,0,
4/29/22,15,7.4,-0.2,-4,66,42.5,19,21,13,5,24100,24100,24100,24100,0,0,0,
4/28/22,10.8,4.3,-2.2,-6,79,48,17,28,20,12,24100,24100,24100,24100,0,0,0,
4/27/22,4.2,1.15,-1.9,,96,72.5,49,34,23.5,13,24100,22500,16900,9700,0,0,0,
4/26/22,10.4,6.15,1.9,,96,78,60,29,21,13,24100,22962.5,15250,6400,2.8,2.8,0,
4/25/22,19,14.05,9.1,,100,81.5,63,26,14.5,3,24100,20629.2,14450,4800,10,10,0,
4/24/22,16.8,12.05,7.3,,73,63.5,54,23,13.5,4,24100,24100,24100,24100,0,0,0,
4/23/22,11.3,9,6.7,,71,60,49,32,17.5,3,24100,23766.7,20100,16100,0.8,0.8,0,
4/22/22,12.4,6.7,1,,81,66,51,24,13,2,24100,24100,24100,24100,0,0,0,
4/21/22,15.7,10.39,5.1,,100,75.5,51,35,21.5,8,24100,19691.7,15250,6400,6.2,6.2,0,
4/20/22,10.4,6.05,1.7,,80,60,40,29,18,7,24100,24100,24100,24100,0,0,0,
4/19/22,6.2,3.65,1.1,,100,82.5,65,48,29,10,24100,21091.7,15250,6400,0.6,0.6,0,2
4/18/22,7.1,2.75,-1.6,-5,100,74.5,49,28,16.5,5,24100,16591.7,12450,800,11.4,3.6,6.8,6
4/17/22,8.2,3.34,-1.5,-7,68,47.5,27,28,15.5,3,24100,24100,24100,24100,0,0,0,
4/16/22,8.2,3.89,-0.4,-3,75,55,35,34,18.5,3,24100,24100,24100,24100,,,,
4/15/22,14.8,8.45,2.1,,75,52,29,54,31.5,9,24100,24100,24100,24100,0.8,0.8,0,
4/14/22,14.2,9.75,5.3,,100,63.5,27,46,25,4,24100,17220.8,12250,400,0.6,0.6,0,
4/13/22,16,12.8,9.6,,100,72,44,22,12,2,24100,19520.8,14050,4000,3.2,3.2,0,
4/12/22,15.8,10.45,5.1,,100,62.5,25,24,12.5,1,24100,24100,24100,24100,0,0,0,
4/11/22,12.5,7,1.5,,91,67.5,44,24,12.5,1,24100,24100,24100,24100,0,0,0,
4/10/22,9.4,5,0.6,,78,61,44,31,16,1,24100,23300,16900,9700,0,0,0,
4/9/22,7.8,4.45,1.1,,93,74.5,56,32,17,2,24100,22833.3,20100,16100,0.6,0.6,0,
4/8/22,9.7,6.1,2.5,,100,76.5,53,30,16.5,3,24100,24100,24100,24100,1.8,1.8,0,
4/7/22,13.8,9.4,5,,100,79,58,22,13,4,24100,21429.2,13650,3200,1.6,1.6,0,
4/6/22,12.1,9.65,7.2,,100,74,48,29,17.5,6,24100,21187.5,14050,4000,6.6,6.6,0,
4/5/22,13,8.3,3.6,,90,67.5,45,18,12,6,24100,23900,21700,19300,1,1,0,
4/4/22,8.6,3.15,-2.3,-6,88,69,50,18,10.5,3,24100,23766.7,20100,16100,0,0,0,
4/3/22,6.6,2.8,-1,,100,74.5,49,30,16.5,3,24100,21254.2,13250,2400,1,0.2,0.8,0
4/2/22,5.7,0.95,-3.8,-7,79,64,49,26,15,4,24100,24100,24100,24100,0,0,0,
4/1/22,3.3,0.8,-1.7,-8,96,74.5,53,44,29.5,15,24100,21762.5,13650,3200,1,0.2,1,1
3/31/22,18.2,10.3,2.4,,91,70,49,56,29,2,24100,24100,24100,24100,1,1,0,
3/30/22,3.6,-0.05,-3.7,-7,90,66,42,29,16.5,4,24100,23166.7,16900,9700,2.6,2,0.6,0
3/29/22,2.4,-3.34,-9.1,-15,80,54,28,25,16,7,24100,24100,24100,24100,0,0,0,0
3/28/22,-4.8,-8.1,-11.4,-18,79,62.5,46,41,25.5,10,24100,21858.3,13250,2400,0.2,0,0.2,1
3/27/22,-1.7,-5.19,-8.7,-17,92,70,48,48,35,22,24100,18725,12450,800,1.2,0,1.6,1
3/26/22,7,2.65,-1.7,-7,98,80,62,44,24,4,24100,20433.3,16100,8100,2,2,0,
3/25/22,5.9,4,2.1,,86,76,66,37,22,7,24100,23766.7,20100,16100,0,0,0,
3/24/22,11.4,7.4,3.4,,100,82,64,37,20.5,4,24100,21362.5,15250,6400,0,0,0,
3/23/22,4,2.4,0.8,,100,67.5,35,40,23,6,24100,20358.3,15250,6400,20.4,19.6,0.8,
3/22/22,5.8,1.45,-2.9,-6,66,45,24,16,9,2,24100,24100,24100,24100,0,0,0,
3/21/22,13.1,6.2,-0.7,,76,55,34,35,23.5,12,24100,24100,24100,24100,0,0,0,
3/20/22,11.9,6.35,0.8,,98,62,26,37,25.5,14,24100,22700,17700,11300,0.6,0.6,0,
3/19/22,8.8,6.3,3.8,,100,89.5,79,25,15,5,24100,15466.7,13650,3200,5.6,5.6,0,
3/18/22,14.3,9.94,5.6,,84,64.5,45,21,13.5,6,24100,23700,21700,19300,0,0,0,
3/17/22,17.3,8.45,-0.4,-3,100,74.5,49,16,8.5,1,24100,13900,12050,0,0,0,0,0
3/16/22,2.5,0.65,-1.2,-4,100,97.5,95,10,5.5,1,6400,1600,3200,0,0,0,0,5
3/15/22,1.5,0.85,0.2,,100,96.5,93,15,7.5,0,24100,10358.3,12650,1200,10.6,0.2,10,0
3/14/22,6.5,0.89,-4.7,-8,91,78,65,16,8.5,1,24100,21033.3,20100,16100,0,0,0,2
3/13/22,-0.3,-5.35,-10.4,-18,83,73.5,64,29,21.5,14,24100,18869.6,12850,1600,0.8,0,1.4,5
3/12/22,-3.3,-6.19,-9.1,-19,74,62.5,51,49,35,21,24100,20720.8,14050,4000,0.2,0,0.2,5
3/11/22,-0.7,-2.1,-3.5,-9,100,84.5,69,22,11.5,1,24100,11320.8,12850,1600,4.8,0,5.8,2
3/10/22,4.2,0.4,-3.4,-7,80,61,42,21,14,7,24100,24100,24100,24100,0,0,0,0
3/9/22,5.2,1.25,-2.7,-5,80,65,50,23,12,1,24100,23900,21700,19300,0,0,0,
3/8/22,2.6,-0.74,-4.1,-10,85,66.5,48,30,18.5,7,24100,21829.2,15250,6400,0.4,0,0.4,1
3/7/22,2.7,0.45,-1.8,-8,100,85.5,71,45,25,5,24100,15641.7,12850,1600,5.6,3,2.6,0
3/6/22,16,7.9,-0.2,,100,79,58,62,31.5,1,24100,23500,16900,9700,2.2,2.2,0,0
3/5/22,3.2,-0.25,-3.7,-6,75,55,35,26,13.5,1,24100,23500,21700,19300,0,0,0,0
3/4/22,1.3,-4.8,-10.9,-17,76,55.5,35,34,20,6,24100,24100,24100,24100,0,0,0,0
3/3/22,-4.6,-7.5,-10.4,-18,69,53,37,43,25,7,24100,24100,24100,24100,0,0,0,1
3/2/22,3,-1,-5,-11,98,75,52,45,25,5,24100,19600,13650,3200,0.8,0,1.2,0
3/1/22,5.2,0.7,-3.8,-10,74,66,58,34,18.5,3,24100,23300,21700,19300,0,0,0,3
2/28/22,-3.8,-8.75,-13.7,-19,72,58,44,23,13.5,4,24100,24100,24100,24100,0,0,0,6
2/27/22,0.4,-3.75,-7.9,-14,80,67,54,41,29,17,24100,22195.8,13250,2400,0.4,0,1,6
2/26/22,-2.2,-7.8,-13.4,-19,83,70.5,58,34,21,8,24100,24100,24100,24100,0,0,0,6
2/25/22,-5.5,-9.19,-12.9,-21,86,71,56,35,21.5,8,24100,14333.3,12350,600,4.2,0,6.6,3
2/24/22,-5.2,-8.4,-11.6,-18,70,57.5,45,22,15.5,9,24100,23900,21700,19300,0,0,0,0
2/23/22,8.9,-0.89,-10.7,-18,100,76.5,53,52,30.5,9,24100,22966.7,16900,9700,0,0,0,0
2/22/22,9.2,4.19,-0.8,-7,100,87.5,75,24,13,2,24100,14320.8,13650,3200,9.4,9.4,0,5
2/21/22,6.2,2.8,-0.6,-4,80,68.5,57,25,16,7,24100,24100,24100,24100,0,0,0,6
2/20/22,6.9,-1.29,-9.5,-16,72,55.5,39,42,25.5,9,24100,24100,24100,24100,0,0,0,16
2/19/22,-2,-6.65,-11.3,-20,95,75,55,58,35,12,24100,11691.7,12650,1200,4.2,0,4.6,19
2/18/22,-4.8,-7.65,-10.5,-20,91,73,55,39,28,17,24100,18754.2,12350,600,5,0,5.4,16
2/17/22,7.2,1,-5.2,-13,100,93,86,39,20,1,24100,6929.2,12450,800,36.2,26.2,13.4,0
2/16/22,10.7,3.45,-3.8,-9,74,58,42,44,26.5,9,24100,24100,24100,24100,0.2,0.2,0,5
2/15/22,-3.3,-7.3,-11.3,-20,76,61.5,47,27,15.5,4,24100,24100,24100,24100,0,0,0,5
2/14/22,-9.6,-13.05,-16.5,-26,73,56.5,40,22,13,4,24100,24100,24100,24100,0,0,0,5
2/13/22,-9.2,-12.9,-16.6,-26,74,60.5,47,18,10,2,24100,22029.2,14450,4800,0.2,0,0.2,5
2/12/22,2.5,-5.5,-13.5,-21,96,77.5,59,40,25.5,11,24100,22500,16900,9700,1.8,0.8,1,8
2/11/22,3.5,1.05,-1.4,-7,98,83,68,29,20.5,12,24100,16966.7,16100,8100,5,4.8,0.2,10
2/10/22,2.8,0.99,-0.8,-7,93,80,67,37,24.5,12,24100,23233.3,20100,16100,0,0,0,11
2/9/22,6,0.25,-5.5,-9,87,73,59,30,18.5,7,24100,22833.3,20100,16100,0,0,0,14
2/8/22,-0.4,-2.95,-5.5,-10,86,72.5,59,34,20,6,24100,22233.3,16900,9700,0,0,0,15
2/7/22,2.4,-0.3,-3,-8,87,73,59,22,15.5,9,24100,22966.7,18500,12900,,,,16
2/6/22,-0.2,-3.7,-7.2,-14,73,59.5,46,33,20.5,8,24100,24100,24100,24100,0,0,0,17
2/5/22,-7.2,-11.3,-15.4,-24,74,61.5,49,21,11,1,24100,24100,24100,24100,0,0,0,19
2/4/22,-10.5,-12.25,-14,-23,83,74,65,25,18,11,24100,20837.5,13250,2400,0.4,0,0.4,21
2/3/22,-3,-6.75,-10.5,-19,93,80.5,68,32,26,20,24100,15529.2,12850,1600,4.2,0,7.2,15
2/2/22,4.6,0.79,-3,-10,100,78,56,34,19.5,5,24100,13183.3,12650,1200,11.4,5.4,8,8
2/1/22,4.7,-2.19,-9.1,-9,82,68.5,55,27,15,3,24100,23833.3,21700,19300,0,0,0,8
1/31/22,-0.9,-3.95,-7,-12,74,63.5,53,12,7.5,3,24100,23166.7,20100,16100,0,0,0,18
1/30/22,-4.9,-9.85,-14.8,-21,71,60.5,50,16,9.5,3,32200,24437.5,28150,24100,0,0,0,19
1/29/22,-11.5,-16.35,-21.2,-30,64,47,30,20,11.5,3,24100,24100,24100,24100,0,0,0,20
1/28/22,-4.3,-11.15,-18,-29,72,59,46,33,24,15,24100,24100,24100,24100,0,0,0,20
1/27/22,-3.9,-8.9,-13.9,-20,84,75.5,67,26,17,8,24100,21300,16900,9700,0.4,0,0.4,20
1/26/22,-8.9,-12.2,-15.5,-23,77,67.5,58,14,8.5,3,24100,23700,21700,19300,0,0,0,20
1/25/22,-7.3,-11.35,-15.4,-20,82,63,44,31,18,5,24100,24100,24100,24100,0,0,0,21
1/24/22,-5.5,-11.6,-17.7,-21,95,79,63,19,10,1,24100,12512.5,12450,800,3.6,0,5.6,18
1/23/22,-5.2,-11.5,-17.8,-23,78,68.5,59,30,18.5,7,24100,22362.5,14450,4800,0,0,0,20
1/22/22,-4.6,-11.7,-18.8,-23,84,73,62,31,16.5,2,24100,20454.2,14050,4000,0.4,0,0.4,21
1/21/22,-9.8,-14.9,-20,-28,77,62.5,48,16,10,4,24100,24100,24100,24100,0,0,0,23
1/20/22,-8.8,-13.75,-18.7,-26,73,64,55,36,19,2,24100,24100,24100,24100,0,0,0,25
1/19/22,3.8,-2.55,-8.9,-17,79,68,57,41,27.5,14,24100,22233.3,20100,16100,0,0,0,30
1/18/22,-1,-6.25,-11.5,-19,99,81,63,30,15.5,1,24100,22345.8,12650,1200,1.2,0,1.2,32
1/17/22,-2.8,-4.4,-6,-14,99,81,63,51,31.5,12,24100,8654.2,12150,200,28.8,0,29.2,15
1/16/22,-1.4,-8.44,-15.5,-22,98,71.5,45,20,10.5,1,24100,20358.3,12450,800,3.6,0,5.2,0
1/15/22,-13.1,-17.1,-21.1,-34,59,45,31,29,16.5,4,24100,23166.7,16900,9700,0,0,0,0
1/14/22,-1.6,-10.35,-19.1,-30,79,62.5,46,31,24,17,24100,24100,24100,24100,0,0,0,
1/13/22,0.9,-1.35,-3.6,-9,100,86,72,19,10,1,24100,19025,14450,4800,0,0,0,0
1/12/22,1.8,-0.99,-3.8,-9,92,75,58,34,20,6,24100,23500,21700,19300,0,0,0,0
1/11/22,-3.9,-12.5,-21.1,-31,83,71.5,60,29,16,3,24100,21300,16900,9700,0.2,0,0.2,0
1/10/22,-7.1,-12.8,-18.5,-27,76,64,52,44,33,22,24100,23179.2,13050,2000,0.2,0,0.2,0
1/9/22,3.6,-2.15,-7.9,-17,100,74.5,49,51,32.5,14,24100,20195.8,14050,4000,0,0,0,0
1/8/22,0.6,-7.2,-15,-21,78,66.5,55,24,13.5,3,24100,24100,24100,24100,0,0,0,0
1/7/22,-5.4,-8.75,-12.1,-20,84,67.5,51,38,25.5,13,24100,23166.7,16900,9700,0,0,0,0
1/6/22,0,-3.55,-7.1,-15,80,65,50,31,21,11,24100,22966.7,16900,9700,0,0,0,0
1/5/22,4.1,-0.85,-5.8,-14,93,77.5,62,51,30,9,24100,20633.3,16900,9700,0.8,0.8,0,1
1/4/22,2.5,-2.65,-7.8,-13,79,64,49,19,12,5,24100,24100,24100,24100,0,0,0,
1/3/22,-6.6,-10.85,-15.1,-22,72,59.5,47,17,10,3,24100,24100,24100,24100,0,0,0,5
1/2/22,-2.9,-7.6,-12.3,-18,88,75,62,41,26,11,24100,18425,12450,800,1.4,0,2.6,3
1/1/22,4.5,0.64,-3.2,-9,100,89,78,31,18,5,24100,9533.3,12250,400,2.4,0.2,2.8,3
12/31/21,6.7,4.3,1.9,,100,89,78,13,7.5,2,24100,11579.2,13250,2400,0,0,0,
12/30/21,2.2,1.1,0,,96,85,74,18,11,4,24100,23766.7,20100,16100,0,0,0,
12/29/21,2.2,0.95,-0.3,-4,100,90.5,81,14,9.5,5,24100,15916.7,14050,4000,0.2,0.2,0,1
12/28/21,2.3,0.84,-0.6,-6,100,81.5,63,35,19.5,4,24100,21129.2,14050,4000,0.2,0,0.2,2
12/27/21,0.1,-3.05,-6.2,-12,100,86,72,30,17,4,24100,9229.2,12450,800,3.6,0,4.6,4
12/26/21,3.2,-1.14,-5.5,-11,84,72.5,61,28,19.5,11,24100,24100,24100,24100,0,0,0,
12/25/21,7,4.65,2.3,,100,87.5,75,31,17.5,4,24100,14362.5,12650,1200,3.6,3.6,0,0
12/24/21,2.8,1.09,-0.6,-4,100,93.5,87,19,12,5,16100,11037.5,10050,4000,0.2,0,0.4,5
12/23/21,-0.5,-3.55,-6.6,-10,100,76,52,18,10,2,24100,18220.8,12650,1200,4.4,0,5.4,1
12/22/21,3.5,-0.29,-4.1,-11,82,72.5,63,52,34,16,24100,20100,16100,8100,0.6,0,0.6,1
12/21/21,3.4,1.1,-1.2,-4,78,65.5,53,21,13.5,6,24100,24100,24100,24100,0,0,0,1
12/20/21,3.7,-2.04,-7.8,-10,89,75.5,62,28,16.5,5,24100,24100,24100,24100,0,0,0,4
12/19/21,-2.5,-4.65,-6.8,-11,84,75.5,67,23,12,1,24100,24100,24100,24100,0,0,0,8
12/18/21,0.3,-1.55,-3.4,-10,100,84.5,69,26,15.5,5,24100,12595.8,12450,800,8.2,0,9,0
12/17/21,5.2,2.4,-0.4,-5,70,59.5,49,34,22,10,24100,24100,24100,24100,0,0,0,
12/16/21,17.1,10.35,3.6,,78,58,38,55,33.5,12,24100,24100,24100,24100,0,0,0,
12/15/21,12.9,8.25,3.6,,87,67.5,48,25,17,9,24100,23900,21700,19300,0.6,0.6,0,
12/14/21,6.8,3.75,0.7,,88,72,56,19,11,3,24100,24100,24100,24100,0,0,0,
12/13/21,9.3,5.85,2.4,,75,61,47,34,22,10,24100,24100,24100,24100,0,0,0,
12/12/21,6.9,3.1,-0.7,-5,79,62,45,43,26.5,10,24100,24100,24100,24100,0,0,0,
12/11/21,17.9,9.5,1.1,,100,74,48,67,38.5,10,24100,17604.2,13650,3200,21.6,21.6,0,
12/10/21,5.6,3.2,0.8,,88,83.5,79,15,8,1,24100,19700,20100,16100,0,0,0,2
12/9/21,0.7,-2.29,-5.3,-12,100,78.5,57,24,15.5,7,24100,19612.5,12450,800,1.8,0,1.8,2
12/8/21,-1,-3.8,-6.6,-12,94,78.5,63,23,12,1,24100,13795.8,13050,2000,2.2,0,2.6,1
12/7/21,-1.6,-4.4,-7.2,-12,86,72.5,59,30,16.5,3,24100,21958.3,14450,4800,0.2,0,0.2,0
12/6/21,11.2,4.39,-2.4,-9,100,78.5,57,61,37.5,14,24100,17487.5,15250,6400,2,1.4,0.6,0
12/5/21,4.1,0.14,-3.8,-6,100,77.5,55,29,16.5,4,24100,18216.7,12850,1600,17.6,15.6,2.4,1
12/4/21,5.2,2.25,-0.7,-5,82,66,50,36,19.5,3,24100,24100,24100,24100,0,0,0,
12/3/21,1.5,0.45,-0.6,-7,68,61,54,40,22,4,24100,24100,24100,24100,0,0,0,
12/2/21,10.5,5.9,1.3,,96,75.5,55,47,30,13,24100,20762.5,15250,6400,1,1,0,
12/1/21,5,2.1,-0.8,-5,79,66,53,25,17.5,10,24100,24100,24100,24100,0,0,0,2
11/30/21,2.8,-1.1,-5,-7,100,88.5,77,30,15.5,1,24100,15929.2,13250,2400,2.2,0.4,1.8,8
11/29/21,0.4,-3.84,-8.1,-13,100,84,68,16,9,2,24100,22833.3,16900,9700,0.4,0,0.4,10
11/28/21,-1,-2.45,-3.9,-7,100,88,76,12,7.5,3,24100,9954.2,12850,1600,11,0,11,1
11/27/21,1.4,-1,-3.4,-9,74,62,50,25,13.5,2,24100,23300,18500,12900,0.2,0,0.2,
11/26/21,3.6,0.6,-2.4,-10,80,71,62,44,31.5,19,24100,23900,21700,19300,0,0,0,0
11/25/21,7.5,5.55,3.6,,100,81.5,63,25,16,7,24100,12158.3,15250,6400,5.8,5.8,0,
11/24/21,8.7,2.95,-2.8,-6,77,64.5,52,17,10.5,4,24100,24100,24100,24100,0.6,0.6,0,
11/23/21,3.9,-0.25,-4.4,-8,87,66,45,21,13.5,6,24100,24100,24100,24100,0,0,0,
11/22/21,3.8,0.44,-2.9,-8,86,70,54,44,29,14,24100,24100,24100,24100,0,0,0,
11/21/21,8,4.55,1.1,,100,83.5,67,39,20,1,24100,20150,14450,4800,5,5,0,
11/20/21,5.9,3.1,0.3,,76,66,56,24,14,4,24100,23900,21700,19300,0,0,0,
11/19/21,6.1,2.75,-0.6,,80,60,40,35,21.5,8,24100,24100,24100,24100,0,0,0,
11/18/21,15.1,8.1,1.1,,94,74,54,38,28,18,24100,24100,24100,24100,0.2,0.2,0,
11/17/21,16.9,9.6,2.3,,99,84,69,35,20.5,6,24100,21766.7,16900,9700,0.6,0.6,0,
11/16/21,5.9,2.5,-0.9,-4,96,76,56,33,18.5,4,24100,24100,24100,24100,0,0,0,
11/15/21,5.8,2.8,-0.2,,100,78,56,31,20,9,24100,22433.3,16900,9700,0.4,0.2,0.2,
11/14/21,4.8,2.9,1,,100,84,68,25,13.5,2,24100,16766.7,16100,8100,8.2,6.8,1.4,
11/13/21,7.6,5.05,2.5,,89,72.5,56,36,22,8,24100,23900,21700,19300,0,0,0,
11/12/21,12.4,8.44,4.5,,94,66,38,39,23,7,24100,23500,21700,19300,0.4,0.4,0,
11/11/21,13.5,9.8,6.1,,84,70,56,25,17,9,24100,24100,24100,24100,0.6,0.6,0,
11/10/21,13,7.25,1.5,,100,68,36,17,9.5,2,24100,24100,24100,24100,0,0,0,
11/9/21,14,10.4,6.8,,96,82.5,69,18,10,2,24100,23033.3,20100,16100,2.6,2.6,0,
11/8/21,19.1,11.2,3.3,,100,68.5,37,26,14,2,24100,19500,16900,9700,0,0,0,
11/7/21,16.4,9.25,2.1,,86,68.5,51,28,14.5,1,24100,24100,24100,24100,0,0,0,
11/6/21,11.6,5.9,0.2,,78,64,50,21,11,1,24100,24100,24100,24100,0,0,0,
11/5/21,10.2,3.49,-3.2,-6,93,66,39,16,9,2,24100,24100,24100,24100,0,0,0,
11/4/21,8.5,3.75,-1,-4,94,70,46,14,7.5,1,24100,24100,24100,24100,0,0,0,
11/3/21,7.6,3,-1.6,,90,69.5,49,22,14,6,24100,24100,24100,24100,0,0,0,
11/2/21,8.9,4.5,0.1,,86,69,52,37,22,7,24100,24100,24100,24100,0,0,0,
11/1/21,10.4,6.7,3,,79,62,45,40,25.5,11,24100,24100,24100,24100,0,0,0,
10/31/21,15.1,10.95,6.8,,100,78,56,43,27.5,12,24100,21487.5,14450,4800,0.2,0.2,0,
10/30/21,9.6,8.8,8,,100,100,100,26,17.5,9,16100,5512.5,9650,3200,9,9,0,
10/29/21,13.5,11,8.5,,100,84.5,69,28,19.5,11,24100,21633.3,16900,9700,10.2,10.2,0,
10/28/21,10.1,7.6,5.1,,86,78.5,71,25,16.5,8,24100,24100,24100,24100,0,0,0,
10/27/21,16.1,11.65,7.2,,98,72,46,22,15,8,24100,24100,24100,24100,0,0,0,
10/26/21,7.8,6.25,4.7,,100,94,88,38,26,14,24100,18620.8,14450,4800,8.4,8.4,0,
10/25/21,8.8,6.75,4.7,,100,91,82,35,21.5,8,24100,8983.3,14450,4800,18.2,18.2,0,
10/24/21,13.3,7.8,2.3,,92,72.5,53,16,9.5,3,24100,24100,24100,24100,2,2,0,
10/23/21,9.6,6.19,2.8,,82,69.5,57,11,7,3,24100,24100,24100,24100,0,0,0,
10/22/21,9.3,6.8,4.3,,86,72.5,59,32,17.5,3,24100,24100,24100,24100,0,0,0,
10/21/21,17.5,12.9,8.3,,100,90,80,31,17,3,24100,22300,21700,19300,3,3,0,
10/20/21,19.5,14.8,10.1,,87,71.5,56,28,14.5,1,24100,23900,21700,19300,0.4,0.4,0,
10/19/21,21.1,12.6,4.1,,94,64.5,35,31,17.5,4,24100,24100,24100,24100,0,0,0,
10/18/21,14.2,9.14,4.1,,91,68.5,46,30,19,8,24100,24100,24100,24100,1.4,1.4,0,
10/17/21,15.1,11.05,7,,98,67.5,37,43,27.5,12,24100,24100,24100,24100,0,0,0,
10/16/21,15.1,11.55,8,,100,80.5,61,41,25.5,10,24100,22966.7,20100,16100,2.8,2.8,0,
10/15/21,19.4,16.85,14.3,,100,81.5,63,20,11.5,3,24100,20187.5,14050,4000,8.4,8.4,0,
10/14/21,21.8,17.35,12.9,,100,86.5,73,14,7.5,1,24100,21966.7,16900,9700,1.8,1.8,0,
10/13/21,21.7,18.14,14.6,,94,79.5,65,18,9,0,24100,22366.7,20100,16100,0,0,0,
10/12/21,22.3,19.39,16.5,,100,86,72,22,13.5,5,24100,24100,24100,24100,0,0,0,
10/11/21,22.3,19.5,16.7,,100,85.5,71,16,10,4,24100,24100,24100,24100,0,0,0,
10/10/21,20.8,18.6,16.4,,100,87,74,17,11,5,24100,23766.7,20100,16100,0.8,0.8,0,
10/9/21,20.2,18.5,16.8,,100,90,80,16,10,4,24100,18954.2,13650,3200,11,11,0,
10/8/21,20.4,17.45,14.5,,100,86,72,18,9.5,1,24100,22966.7,20100,16100,0,0,0,
10/7/21,19.9,17.39,14.9,,100,92,84,10,6,2,24100,22500,21700,19300,0,0,0,
10/6/21,18.4,16.25,14.1,,100,89.5,79,13,8.5,4,24100,24100,24100,24100,0,0,0,
10/5/21,18,16.2,14.4,,100,90,80,12,6.5,1,24100,17895.8,13650,3200,0,0,0,
10/4/21,16,15.2,14.4,,100,98.5,97,16,10,4,16100,6945.8,9250,2400,3.4,3.4,0,
10/3/21,19.9,17.7,15.5,,100,81,62,25,14,3,24100,9500,13650,3200,20.6,20.6,0,
10/2/21,25.6,19.35,13.1,,88,69.5,51,22,13,4,24100,24100,24100,24100,0.2,0.2,0,
10/1/21,20.9,13.95,7,,89,70.5,52,16,10,4,24100,24100,24100,24100,0,0,0,
9/30/21,15.4,12.45,9.5,,81,68,55,21,11.5,2,24100,24100,24100,24100,0,0,0,
9/29/21,20.5,14.65,8.8,,85,64.5,44,25,16.5,8,24100,24100,24100,24100,0,0,0,
9/28/21,16.9,12.95,9,,88,67,46,22,16,10,24100,24100,24100,24100,0,0,0,
9/27/21,24.3,19.25,14.2,,98,77.5,57,29,18,7,24100,23033.3,16900,9700,1,1,0,
9/26/21,20.5,13.7,6.9,,92,71,50,27,15.5,4,24100,23766.7,20100,16100,3,3,0,
9/25/21,21,14.8,8.6,,94,77.5,61,30,15.5,1,24100,23766.7,20100,16100,4.6,4.6,0,
9/24/21,16.8,13.75,10.7,,98,81,64,27,14.5,2,24100,24100,24100,24100,0,0,0,
9/23/21,19.3,15.65,12,,99,78,57,27,16,5,24100,23566.7,20100,16100,1.8,1.8,0,
9/22/21,19.4,15.75,12.1,,100,98,96,37,22.5,8,16100,6866.7,10050,4000,56,56,0,
9/21/21,25.3,22.2,19.1,,100,81.5,63,28,20,12,24100,21829.2,15250,6400,4.8,4.8,0,
9/20/21,23.3,16.75,10.2,,87,70.5,54,17,10,3,24100,24100,24100,24100,0,0,0,
9/19/21,20.9,15.64,10.4,,82,60.5,39,18,10.5,3,24100,24100,24100,24100,0,0,0,
9/18/21,23.5,17.95,12.4,,91,65,39,27,16,5,24100,23900,21700,19300,0,0,0,
9/17/21,26,19.8,13.6,,100,83.5,67,18,9.5,1,24100,23366.7,20100,16100,0,0,0,
9/16/21,22.6,18,13.4,,88,70.5,53,17,10.5,4,24100,24100,24100,24100,0,0,0,
9/15/21,21.9,18.54,15.2,,97,75.5,54,22,13,4,24100,24100,24100,24100,0,0,0,
9/14/21,27.9,21.95,16,,99,81,63,29,15.5,2,24100,22566.7,16900,9700,25.2,25.2,0,
9/13/21,23.7,17.89,12.1,,92,69,46,20,10.5,1,24100,24100,24100,24100,0,0,0,
9/12/21,23.7,19.8,15.9,,84,64.5,45,30,15.5,1,24100,23900,21700,19300,3,3,0,
9/11/21,26.1,19.45,12.8,,78,61.5,45,43,23,3,24100,24100,24100,24100,0,0,0,
9/10/21,23.8,17.89,12,,86,61,36,23,16.5,10,24100,24100,24100,24100,0,0,0,
9/9/21,21.5,17.2,12.9,,92,72,52,33,18,3,24100,24100,24100,24100,0,0,0,
9/8/21,25.6,20,14.4,,99,68.5,38,40,24.5,9,24100,21895.8,14450,4800,19.6,19.6,0,
9/7/21,26,19.25,12.5,,98,72.5,47,26,14.5,3,24100,20758.3,13650,3200,28.2,28.2,0,
9/6/21,23.4,18.45,13.5,,93,70.5,48,32,19.5,7,24100,23700,21700,19300,3.8,3.8,0,
9/5/21,26.2,20.8,15.4,,98,70,42,30,16.5,3,24100,23100,21700,19300,2.2,2.2,0,
9/4/21,24.3,19.2,14.1,,85,66.5,48,18,9.5,1,24100,24100,24100,24100,4.8,4.8,0,
9/3/21,23.7,17.95,12.2,,83,65,47,18,12,6,24100,24100,24100,24100,0,0,0,
9/2/21,21.5,16.89,12.3,,74,57.5,41,31,19.5,8,24100,24100,24100,24100,0,0,0,
9/1/21,24.2,19.85,15.5,,83,60.5,38,29,20,11,24100,24100,24100,24100,0,0,0,
8/31/21,25.6,21.1,16.6,,83,65,47,26,17.5,9,24100,24100,24100,24100,0,0,0,
8/30/21,29.1,23.35,17.6,,96,67.5,39,30,20,10,24100,24100,24100,24100,0,0,0,
8/29/21,31.5,26.55,21.6,,97,77.5,58,29,16,3,24100,20700,16100,8100,3.2,3.2,0,
8/28/21,27.8,23.4,19,,98,81.5,65,39,21.5,4,24100,22595.8,13250,2400,23.6,23.6,0,
8/27/21,26.6,23.35,20.1,,85,63.5,42,23,16.5,10,80500,26450,52300,24100,0,0,0,
8/26/21,32.7,27.05,21.4,,91,73,55,31,18,5,24100,23300,16900,9700,6.4,6.4,0,
8/25/21,31.9,27.25,22.6,,84,67.5,51,20,10.5,1,24100,24100,24100,24100,0,0,0,
8/24/21,33.7,26.45,19.2,,89,64,39,23,12.5,2,24100,24100,24100,24100,0,0,0,
8/23/21,32.3,26.75,21.2,,87,63.5,40,25,18,11,24100,24100,24100,24100,0,0,0,
8/22/21,31.5,25.75,20,,86,67,48,20,10.5,1,24100,24100,24100,24100,0,0,0,
8/21/21,29.9,26.2,22.5,,82,64,46,16,10,4,24100,23900,21700,19300,0,0,0,
8/20/21,30.6,24.7,18.8,,88,68,48,18,10.5,3,24100,23700,21700,19300,0,0,0,
8/19/21,31.4,25.85,20.3,,86,63,40,22,14.5,7,24100,24100,24100,24100,0,0,0,
8/18/21,27.9,24.04,20.2,,97,82,67,14,8.5,3,24100,18766.7,16100,8100,0.6,0.6,0,
8/17/21,27.4,24.15,20.9,,90,79,68,16,10,4,40200,24770.8,32150,24100,0,0,0,
8/16/21,25,19.8,14.6,,81,68.5,56,21,13.5,6,24100,24100,24100,24100,0,0,0,
8/15/21,23.5,18.35,13.2,,80,60,40,19,13,7,24100,24100,24100,24100,0,0,0,
8/14/21,25.5,20.3,15.1,,70,52.5,35,29,18.5,8,24100,24100,24100,24100,0,0,0,
8/13/21,30.1,24.85,19.6,,92,70.5,49,27,18.5,10,24100,23166.7,20100,16100,0,0,0,
8/12/21,30.1,25.95,21.8,,89,73,57,27,17.5,8,24100,24100,24100,24100,1.2,1.2,0,
8/11/21,32,27.15,22.3,,97,74,51,31,19.5,8,24100,22495.8,14450,4800,0.4,0.4,0,
8/10/21,28.3,25.85,23.4,,91,80.5,70,26,14,2,24100,21500,20100,16100,1,1,0,
8/9/21,30.9,26.45,22,,96,77,58,26,15,4,24100,18100,16900,9700,0,0,0,
8/8/21,28,23.35,18.7,,98,80,62,19,11,3,24100,19958.3,15250,6400,0.6,0.6,0,
8/7/21,27.9,23.7,19.5,,95,77,59,17,10,3,24100,23633.3,18500,12900,20.4,20.4,0,
8/6/21,29.3,23.6,17.9,,72,59.5,47,24,14,4,24100,24100,24100,24100,0,0,0,
8/5/21,27.8,21.3,14.8,,82,61,40,18,9.5,1,24100,23500,21700,19300,0,0,0,
8/4/21,27.4,21.5,15.6,,80,55,30,18,10,2,24100,24100,24100,24100,0,0,0,
8/3/21,27.3,20.45,13.6,,78,58.5,39,21,11.5,2,24100,24100,24100,24100,0,0,0,
8/2/21,24.9,19,13.1,,87,59.5,32,21,13,5,24100,24100,24100,24100,0,0,0,
8/1/21,20.7,18.14,15.6,,91,76.5,62,26,16.5,7,24100,23891.3,21700,19300,,,0,
7/31/21,21.5,16.25,11,,85,66,47,18,10,2,24100,23766.7,20100,16100,1,1,0,
7/30/21,20.1,16.64,13.2,,86,67.5,49,35,23,11,24100,24100,24100,24100,0,0,0,
7/29/21,27.2,22.79,18.4,,98,79,60,26,13.5,1,24100,22095.8,15250,6400,11.4,11.4,0,
7/28/21,24,20.5,17,,94,74,54,20,12,4,24100,24100,24100,24100,0,0,0,
7/27/21,26.1,21.35,16.6,,88,75.5,63,30,16.5,3,24100,22829.2,13650,3200,5.6,5.6,0,
7/26/21,30.4,23.5,16.6,,80,58.5,37,23,13.5,4,24100,19500,18500,12900,0,0,0,
7/25/21,30,24.2,18.4,,96,67.5,39,32,19,6,24100,19500,18500,12900,0,0,0,
7/24/21,22.8,20.45,18.1,,97,79.5,62,20,10.5,1,24100,20029.2,14450,4800,19.2,19.2,0,
7/23/21,26.1,20.39,14.7,,71,56.5,42,17,10.5,4,24100,24100,24100,24100,0,0,0,
7/22/21,26.1,19.8,13.5,,74,57,40,21,12,3,24100,24100,24100,24100,0,0,0,
7/21/21,24.8,19.85,14.9,,86,62,38,27,21.5,16,24100,24100,24100,24100,0,0,0,
7/20/21,29.5,24.3,19.1,,86,67.5,49,32,18.5,5,24100,15682.6,16900,9700,,,0,
7/19/21,29.2,24.15,19.1,,77,65.5,54,19,11.5,4,24100,16166.7,16100,8100,0,0,0,
7/18/21,29.4,23.75,18.1,,79,61,43,26,17,8,24100,23900,21700,19300,0,0,0,
7/17/21,22,20.39,18.8,,92,77.5,63,21,12,3,24100,20833.3,16900,9700,3.4,3.4,0,
7/16/21,24.6,21.6,18.6,,88,71,54,19,11.5,4,24100,24100,24100,24100,0,0,0,
7/15/21,30,24.85,19.7,,94,77,60,42,24,6,24100,22362.5,15250,6400,6.4,6.4,0,
7/14/21,29.5,24.4,19.3,,93,69.5,46,19,12,5,24100,24100,24100,24100,0,0,0,
7/13/21,26.9,23.29,19.7,,93,83.5,74,19,11,3,24100,18433.3,16100,8100,8.8,8.8,0,
7/12/21,25,21.85,18.7,,90,74.5,59,22,14.5,7,24100,24100,24100,24100,0,0,0,
7/11/21,21.1,18.6,16.1,,89,79.5,70,16,9.5,3,24100,22700,20100,16100,1.4,1.4,0,
7/10/21,23.6,18.3,13,,87,66,45,18,11,4,24100,24100,24100,24100,0,0,0,
7/9/21,19.5,17.64,15.8,,99,90,81,26,13.5,1,24100,19729.2,13050,2000,0,0,0,
7/8/21,18.7,16.89,15.1,,97,86.5,76,14,8.5,3,24100,15625,15250,6400,29,29,0,
7/7/21,24.4,20.35,16.3,,94,78,62,29,18,7,24100,22362.5,15250,6400,9.8,9.8,0,
7/6/21,32.3,27.45,22.6,,83,62,41,34,19.5,5,24100,22766.7,20100,16100,0,0,0,
7/5/21,32.3,25.5,18.7,,78,65.5,53,29,17,5,24100,24100,24100,24100,0,0,0,
7/4/21,25,20.6,16.2,,89,65.5,42,17,11,5,24100,24100,24100,24100,0,0,0,
7/3/21,25.7,19.8,13.9,,82,61,40,20,12,4,24100,24100,24100,24100,0,0,0,
7/2/21,24.7,20.2,15.7,,86,69,52,30,21.5,13,24100,22845.8,13050,2000,24.4,24.4,0,
7/1/21,26.3,21.3,16.3,,85,66.5,48,30,18.5,7,24100,24100,24100,24100,0,0,0,
6/30/21,28,23.4,18.8,,93,73,53,32,21.5,11,24100,23500,21700,19300,0.4,0.4,0,
6/29/21,32.5,26.8,21.1,,96,77,58,24,12.5,1,24100,22562.5,15250,6400,23.2,23.2,0,
6/28/21,32.2,26.95,21.7,,86,66,46,30,20,10,24100,24100,24100,24100,3,3,0,
6/27/21,31.3,27.5,23.7,,73,63.5,54,36,28.5,21,24100,24100,24100,24100,0,0,0,
6/26/21,27.5,23.25,19,,100,83,66,33,23,13,24100,21633.3,16900,9700,5.6,5.6,0,
6/25/21,25.8,22.3,18.8,,100,75,50,18,12.5,7,24100,18562.5,15250,6400,16.4,16.4,0,
6/24/21,28.1,22,15.9,,70,51,32,30,17.5,5,24100,24100,24100,24100,0,0,0,
6/23/21,23.7,16.25,8.8,,79,57,35,31,17.5,4,24100,24100,24100,24100,0,0,0,
6/22/21,19.5,14.75,10,,94,63,32,28,17.5,7,24100,24100,24100,24100,0,0,0,
6/21/21,29.7,20.65,11.6,,100,72.5,45,47,28.5,10,24100,20791.7,14050,4000,5.8,5.8,0,
6/20/21,27.1,20.55,14,,91,71,51,19,10.5,2,24100,24100,24100,24100,0.2,0.2,0,
6/19/21,30.9,23.15,15.4,,99,63.5,28,37,21.5,6,24100,24100,24100,24100,0,0,0,
6/18/21,24.9,21.45,18,,95,72,49,29,17,5,24100,21433.3,16900,9700,5.4,5.4,0,
6/17/21,26.3,17.75,9.2,,63,42.5,22,25,14.5,4,24100,24100,24100,24100,0,0,0,
6/16/21,22.3,16.39,10.5,,57,39,21,31,21.5,12,24100,24100,24100,24100,0,0,0,
6/15/21,22.5,17.7,12.9,,86,55,24,39,28.5,18,24100,24100,24100,24100,0,0,0,
6/14/21,25,20.3,15.6,,88,69,50,33,23,13,24100,23633.3,18500,12900,2.8,2.8,0,
6/13/21,29.1,22.9,16.7,,66,53.5,41,26,13.5,1,24100,24100,24100,24100,0,0,0,
6/12/21,25.4,21.29,17.2,,75,54.5,34,19,11,3,24100,24100,24100,24100,0,0,0,
6/11/21,25.3,21.3,17.3,,66,54,42,18,12.5,7,24100,24100,24100,24100,0,0,0,
6/10/21,25.3,21.45,17.6,,69,47.5,26,26,15,4,24100,24100,24100,24100,0,0,0,
6/9/21,29.4,24.45,19.5,,99,76,53,17,10,3,24100,22833.3,20100,16100,0,0,0,
6/8/21,26.5,23.7,20.9,,100,85,70,16,9.5,3,24100,19075,13050,2000,10.2,10.2,0,
6/7/21,31.8,25.7,19.6,,69,58,47,30,17.5,5,24100,24100,24100,24100,0,0,0,
6/6/21,33.8,26.7,19.6,,70,53,36,31,20.5,10,24100,24100,24100,24100,0,0,0,
6/5/21,32.5,26.05,19.6,,81,55.5,30,42,25.5,9,24100,24100,24100,24100,0,0,0,
6/4/21,28.2,21.95,15.7,,97,69.5,42,28,16.5,5,24100,22300,20100,16100,0,0,0,
6/3/21,22.2,18.5,14.8,,100,86,72,18,11.5,5,24100,17616.7,12850,1600,2.6,2.6,0,
6/2/21,25.3,19.05,12.8,,96,63.5,31,15,7.5,0,24100,24100,24100,24100,4.4,4.4,0,
6/1/21,25.7,20.05,14.4,,62,45,28,24,14.5,5,24100,24100,24100,24100,0,0,0,
5/31/21,24.4,15.7,7,,64,46,28,27,15,3,24100,24100,24100,24100,0,0,0,
5/30/21,19.1,12.65,6.2,,70,48.5,27,19,11.5,4,24100,24100,24100,24100,0,0,0,
5/29/21,15.8,9.8,3.8,,63,47,31,28,15.5,3,24100,24100,24100,24100,0,0,0,
5/28/21,9.9,5.95,2,,97,71,45,23,15,7,24100,19300,16900,9700,14.2,14,0.2,
5/27/21,18.7,13.39,8.1,,75,51,27,28,21,14,24100,24100,24100,24100,0,0,0,
5/26/21,25.4,17.7,10,,83,66.5,50,38,26,14,24100,24100,24100,24100,0.6,0.6,0,
5/25/21,33.3,23.4,13.5,,64,47.5,31,43,22.5,2,24100,23300,21700,19300,0,0,0,
5/24/21,21,16.75,12.5,,58,44.5,31,17,10,3,24100,24100,24100,24100,0,0,0,
5/23/21,25,19.64,14.3,,90,66,42,31,19,7,24100,24100,24100,24100,0,0,0,
5/22/21,27.6,23.5,19.4,,89,69.5,50,30,19.5,9,24100,24100,24100,24100,0,0,0,
5/21/21,31.7,23.7,15.7,,75,52,29,26,13,0,24100,23500,21700,19300,0,0,0,
5/20/21,29.9,23.15,16.4,,62,50,38,17,9,1,24100,23700,21700,19300,0,0,0,
5/19/21,28,20.14,12.3,,71,49.5,28,18,11,4,24100,23900,21700,19300,0,0,0,
5/18/21,27.9,20.14,12.4,,72,51,30,21,12,3,24100,24100,24100,24100,0,0,0,
5/17/21,23.7,16.05,8.4,,77,54,31,19,11,3,24100,24100,24100,24100,0,0,0,
5/16/21,22.6,15.55,8.5,,68,45,22,18,9.5,1,24100,24100,24100,24100,0,0,0,
5/15/21,21.8,14.2,6.6,,56,40.5,25,18,10,2,24100,23900,21700,19300,0,0,0,
5/14/21,21.2,13.85,6.5,,56,38,20,23,14,5,24100,24100,24100,24100,0,0,0,
5/13/21,20.3,13.4,6.5,,53,40,27,18,13,8,24100,24100,24100,24100,0,0,0,
5/12/21,17.9,11.14,4.4,,80,51,22,31,22,13,24100,24100,24100,24100,0,0,0,
5/11/21,10.7,5.55,0.4,,88,68,48,41,25.5,10,24100,24100,24100,24100,0,0,0,
5/10/21,13.7,7.65,1.6,,79,60,41,31,19.5,8,24100,24100,24100,24100,0,0,0,
5/9/21,12,6.7,1.4,,84,62,40,18,9.5,1,24100,24100,24100,24100,0,0,0,
5/8/21,15.4,8.9,2.4,,89,58,27,32,16.5,1,24100,24100,24100,24100,0,0,0,
5/7/21,10.1,5.85,1.6,,87,70.5,54,17,9,1,24100,24100,24100,24100,0,0,0,
5/6/21,14.4,8.3,2.2,,89,62,35,23,13.5,4,24100,24100,24100,24100,0,0,0,
5/5/21,12.1,8.25,4.4,,88,74,60,34,24,14,24100,24100,24100,24100,1.2,1.2,0,
5/4/21,11.9,9.85,7.8,,100,93,86,25,13.5,2,24100,14125,13250,2400,3.4,3.4,0,
5/3/21,12.8,10.45,8.1,,92,81.5,71,30,16,2,24100,20233.3,16900,9700,2.4,2.4,0,
5/2/21,17.4,11.95,6.5,,80,62.5,45,18,10,2,24100,24100,24100,24100,0,0,0,
5/1/21,13.8,7.5,1.2,,70,48,26,31,16.5,2,24100,24100,24100,24100,0,0,0,
4/30/21,9.1,6.3,3.5,,85,65,45,56,37,18,24100,24100,24100,24100,0,0,0,
4/29/21,10.8,9.3,7.8,,100,94,88,27,14,1,12900,5950,6850,800,13.8,13.8,0,
4/28/21,17.3,12.75,8.2,,100,85,70,20,11.5,3,24100,18075,12450,800,6.6,6.6,0,
4/27/21,13.4,9.05,4.7,,71,55,39,22,12.5,3,24100,23166.7,16900,9700,3.6,3.6,0,
4/26/21,9.4,4.25,-0.9,-6,61,42,23,32,18,4,24100,23766.7,20100,16100,1.2,1.2,0,
4/25/21,11.4,6.2,1,,95,74,53,41,24.5,8,24100,22233.3,18500,12900,1,1,0,
4/24/21,17.1,11.65,6.2,,61,47,33,27,15.5,4,24100,24100,24100,24100,0,0,0,
4/23/21,19.4,8.79,-1.8,-5,73,49,25,41,23,5,24100,24100,24100,24100,0,0,0,
4/22/21,5.4,1.35,-2.7,-7,86,64,42,40,26,12,24100,23229.2,13650,3200,0.2,0,0.2,
4/21/21,4.6,1.04,-2.5,-7,96,69.5,43,40,24,8,24100,16383.3,13050,2000,3.4,0,3.4,2
4/20/21,4.9,2.05,-0.8,,89,70.5,52,30,19.5,9,24100,20895.8,14450,4800,0.8,0,0.8,0
4/19/21,17.2,9.4,1.6,,89,61,33,35,19.5,4,24100,23500,16900,9700,1.6,1.6,0,
4/18/21,15.1,8.94,2.8,,86,67.5,49,24,16,8,24100,23900,21700,19300,0.6,0.6,0,
4/17/21,11.9,7.55,3.2,,99,80,61,19,12,5,24100,22633.3,16900,9700,0.2,0.2,0,
4/16/21,10.7,7.35,4,,92,76,60,28,22,16,24100,24100,24100,24100,0.4,0.4,0,
4/15/21,8,6.25,4.5,,88,70,52,26,15.5,5,24100,22900,20100,16100,1.8,1.8,0,
4/14/21,15.8,10.25,4.7,,100,69,38,27,14.5,2,24100,17575,12150,200,0.6,0.6,0,
4/13/21,14.5,10.19,5.9,,99,83,67,17,10,3,24100,19900,16900,9700,0,0,0,
4/12/21,11.2,9.19,7.2,,100,95.5,91,28,16.5,5,24100,14370.8,13650,3200,6.2,6.2,0,
4/11/21,16.7,13.45,10.2,,100,78,56,30,17.5,5,24100,17216.7,14450,4800,13.4,13.4,0,
4/10/21,20.4,15.35,10.3,,92,70.5,49,18,11.5,5,24100,24100,24100,24100,0.2,0.2,0,
4/9/21,19.5,15.55,11.6,,85,72.5,60,18,11.5,5,24100,24100,24100,24100,0.2,0.2,0,
4/8/21,20.6,14.55,8.5,,76,58,40,28,17.5,7,24100,24100,24100,24100,0,0,0,
4/7/21,17.4,11.1,4.8,,49,34.5,20,26,15,4,24100,24100,24100,24100,0,0,0,
4/6/21,14.1,7.95,1.8,,76,48,20,19,10,1,24100,24100,24100,24100,0,0,0,
4/5/21,13.5,7.75,2,,62,48.5,35,17,9,1,24100,24100,24100,24100,0,0,0,
4/4/21,15.1,6.8,-1.5,-4,93,62.5,32,17,10.5,4,24100,23166.7,20100,16100,0,0,0,
4/3/21,9.5,2.2,-5.1,-8,78,53.5,29,36,21,6,24100,23700,21700,19300,0,0,0,
4/2/21,4.7,0.25,-4.2,-11,47,34,21,37,21.5,6,24100,24100,24100,24100,0,0,0,
4/1/21,2.6,-0.14,-2.9,-10,68,49,30,44,31,18,24100,24100,24100,24100,0,0,0,
3/31/21,14.7,7.4,0.1,,92,62.5,33,34,20.5,7,24100,24100,24100,24100,0,0,0,
3/30/21,20.3,10.4,0.5,,85,54.5,24,41,24,7,24100,24100,24100,24100,0,0,0,
3/29/21,7.1,3.2,-0.7,-6,76,59.5,43,44,26,8,24100,24100,24100,24100,0,0,0,
3/28/21,10.1,6.19,2.3,,98,83,68,48,25,2,24100,21233.3,16100,8100,6.2,6.2,0,
3/27/21,8.2,5.75,3.3,,87,77.5,68,16,8.5,1,24100,22433.3,20100,16100,0.2,0.2,0,
3/26/21,10.5,6.9,3.3,,99,84,69,50,27,4,24100,18816.7,14450,4800,34.6,34.6,0,
3/25/21,21.5,14.5,7.5,,96,67,38,31,17,3,24100,23900,21700,19300,1,1,0,
3/24/21,17.6,12.1,6.6,,95,66,37,20,11.5,3,24100,23900,21700,19300,0.8,0.8,0,
3/23/21,15.5,8.15,0.8,,68,46.5,25,14,8,2,24100,24100,24100,24100,0,0,0,
3/22/21,16.1,7.55,-1,-2,69,48,27,21,11,1,24100,24100,24100,24100,0,0,0,
3/21/21,14.9,6.45,-2,-1,65,43,21,17,9,1,24100,24100,24100,24100,0,0,0,
3/20/21,14.9,6.25,-2.4,-4,60,39.5,19,18,10.5,3,24100,24100,24100,24100,0,0,0,
3/19/21,3.7,-0.79,-5.3,-12,53,37,21,28,15.5,3,24100,24100,24100,24100,0,0,0,
3/18/21,6.8,2.25,-2.3,-8,91,57.5,24,35,19.5,4,24100,21433.3,18500,12900,0.4,0.4,0,
3/17/21,9,5.09,1.2,,80,65.5,51,17,9,1,24100,22900,20100,16100,0,0,0,
3/16/21,3.5,0.8,-1.9,-7,70,52.5,35,27,15.5,4,24100,24100,24100,24100,0,0,0,
3/15/21,-1,-5,-9,-17,51,35,19,24,14.5,5,24100,24100,24100,24100,0,0,0,
3/14/21,3.5,-1.29,-6.1,-12,78,55.5,33,47,28,9,24100,24100,24100,24100,0,0,0,
3/13/21,5.6,-0.7,-7,-12,68,52.5,37,34,22,10,24100,24100,24100,24100,0,0,0,
3/12/21,11.3,3.25,-4.8,-12,77,55.5,34,53,28,3,24100,24100,24100,24100,0,0,0,
3/11/21,19.3,12.4,5.5,,78,59,40,50,31,12,24100,22900,21700,19300,2,2,0,
3/10/21,15.3,6.5,-2.3,-2,92,66.5,41,18,9.5,1,24100,23433.3,20100,16100,0,0,0,
3/9/21,10.6,4.15,-2.3,-7,92,62,32,18,10.5,3,24100,24100,24100,24100,0,0,0,
3/8/21,9.6,0.2,-9.2,-12,76,58,40,23,13,3,24100,23766.7,20100,16100,0.2,0,0.2,
3/7/21,-0.4,-5.35,-10.3,-16,74,52,30,17,11,5,24100,24100,24100,24100,0,0,0,
3/6/21,-0.2,-4.69,-9.2,-15,71,54,37,35,21,7,24100,23700,21700,19300,0,0,0,
3/5/21,1.6,-4.35,-10.3,-17,66,48,30,48,30.5,13,24100,24100,24100,24100,0,0,0,
3/4/21,0.8,-3.6,-8,-17,76,58,40,41,28.5,16,24100,23633.3,18500,12900,0,0,0,0
3/3/21,7.2,2.2,-2.8,-7,74,64,54,28,16,4,24100,24100,24100,24100,0,0,0,
3/2/21,0.2,-6.7,-13.6,-19,75,60,45,28,15,2,24100,24100,24100,24100,0,0,0,
3/1/21,5.4,-2.2,-9.8,-20,87,62.5,38,61,41.5,22,24100,23500,16900,9700,0,0,0,0
2/28/21,6.5,2.4,-1.7,-3,100,88,76,20,11,2,24100,11716.7,12150,200,1,1,0,
2/27/21,5.8,2.54,-0.7,-2,99,83.5,68,36,19,2,24100,21158.3,15250,6400,6.2,6.2,0,0
2/26/21,3.8,-1.55,-6.9,-12,84,66,48,17,11,5,24100,24100,24100,24100,0,0,0,0
2/25/21,0.9,-1.4,-3.7,-10,76,58.5,41,41,27.5,14,24100,23900,21700,19300,0,0,0,1
2/24/21,8.4,3.9,-0.6,-4,88,72.5,57,43,24.5,6,24100,22633.3,18500,12900,0,0,0,6
2/23/21,4.3,1.79,-0.7,-7,94,83.5,73,36,23.5,11,24100,18741.7,13850,3600,0.2,0,0.2,10
2/22/21,2.8,0.54,-1.7,-7,98,81,64,43,26.5,10,24100,16087.5,12350,600,4.8,0.6,5.4,14
2/21/21,-1.5,-6.95,-12.4,-18,89,69.5,50,16,10.5,5,24100,20966.7,20100,16100,0,0,0,12
2/20/21,-1.8,-6.6,-11.4,-15,88,69.5,51,34,21.5,9,24100,22833.3,16100,8100,0.4,0,0.4,16
2/19/21,-2.5,-4.84,-7.2,-13,90,80.5,71,19,10.5,2,24100,10170.8,12850,1600,7.8,0,7.8,18
2/18/21,-3.6,-6.4,-9.2,-15,90,74.5,59,22,14.5,7,24100,12566.7,12850,1600,,,,10
2/17/21,-4.6,-10.3,-16,-22,82,64.5,47,21,13.5,6,24100,24100,24100,24100,,,,12
2/16/21,-7,-11.15,-15.3,-21,90,76,62,37,21,5,24100,13379.2,12350,600,8.8,0,8.8,12
2/15/21,-4.2,-6.94,-9.7,-19,87,74.5,62,33,18.5,4,24100,18512.5,12850,1600,3.2,0,3.2,2
2/14/21,-4,-9.4,-14.8,-22,85,68.5,52,17,8.5,0,24100,22162.5,15250,6400,0.4,0,0.4,6
2/13/21,-9.1,-11.5,-13.9,-22,86,67,48,24,18,12,24100,16537.5,12850,1600,2.2,0,4.8,2
2/12/21,-8.3,-11.25,-14.2,-22,80,69,58,20,14.5,9,24100,16416.7,13450,2800,1.8,0,2.2,1
2/11/21,-4.7,-7.94,-11.2,-19,80,65,50,23,16.5,10,24100,24100,24100,24100,0,0,0,1
2/10/21,-5.3,-9.25,-13.2,-20,76,63,50,23,15,7,24100,24100,24100,24100,0,0,0,1
2/9/21,-2.7,-7.05,-11.4,-18,87,69.5,52,22,12,2,24100,19079.2,13250,2400,1,0,1.2,2
2/8/21,-6.5,-9.94,-13.4,-22,85,66,47,22,13,4,24100,21620.8,13650,3200,0.2,0,0.4,1
2/7/21,-6.2,-9.75,-13.3,-23,84,70,56,35,18,1,24100,21958.3,15250,6400,0.6,0,0.6,2
2/6/21,-6,-7.7,-9.4,-18,77,66.5,56,37,21,5,24100,21900,16100,8100,0,0,0,1
2/5/21,1.7,-3.15,-8,-17,98,78.5,59,49,32.5,16,24100,17512.5,12650,1200,5.2,2.8,2.4,2
2/4/21,4.3,-1.45,-7.2,-12,81,60.5,40,23,13.5,4,24100,23500,16900,9700,1.4,0,1.4,2
2/3/21,0.6,-2.85,-6.3,-15,75,59.5,44,45,33.5,22,24100,24100,24100,24100,0,0,0,2
2/2/21,-0.9,-5.25,-9.6,-18,70,61.5,53,46,32.5,19,24100,24100,24100,24100,0,0,0,3
2/1/21,-3.7,-7.5,-11.3,-19,66,57.5,49,25,20,15,24100,24100,24100,24100,0,0,0,4
1/31/21,-5.2,-7.9,-10.6,-16,87,67,47,26,19,12,24100,22766.7,20100,16100,0,0,0,5
1/30/21,-2.2,-8,-13.8,-17,84,68.5,53,11,6,1,24100,24100,24100,24100,0,0,0,
1/29/21,-7.1,-10.85,-14.6,-22,79,71,63,26,14,2,24100,21900,16900,9700,0.2,0,0.2,5
1/28/21,-7.8,-10.8,-13.8,-20,79,65.5,52,44,26.5,9,24100,24100,24100,24100,0,0,0,6
1/27/21,-3.3,-6.75,-10.2,-16,84,73,62,28,21,14,24100,24100,24100,24100,0,0,0,8
1/26/21,-0.5,-2.54,-4.6,-11,94,84.5,75,30,20,10,24100,15445.8,12250,400,7.4,0.2,9.2,6
1/25/21,1.9,-0.9,-3.7,-6,84,71.5,59,14,7.5,1,24100,24100,24100,24100,0,0,0,
1/24/21,-2.7,-4.95,-7.2,-11,78,67,56,11,6,1,24100,24100,24100,24100,0,0,0,
1/23/21,-4.8,-8.69,-12.6,-19,78,62,46,34,21.5,9,24100,24100,24100,24100,0,0,0,
1/22/21,1,-3.4,-7.8,-15,90,73,56,43,26.5,10,24100,22579.2,13850,3600,0.4,0,0.4,0
1/21/21,3.1,0.65,-1.8,-8,79,71,63,31,23,15,24100,23233.3,20100,16100,0.2,0,0.2,0
1/20/21,-2.2,-4.95,-7.7,-14,79,67.5,56,33,21,9,24100,24100,24100,24100,0,0,0,0
1/19/21,-0.1,-1.8,-3.5,-9,92,74.5,57,41,23,5,24100,20891.7,15250,6400,0.6,0,0.6,0
1/18/21,0.9,-1.85,-4.6,-8,93,79.5,66,13,8.5,4,24100,22162.5,15250,6400,0,0,0,0
1/17/21,4.2,0.75,-2.7,-6,89,75,61,31,19.5,8,24100,21233.3,16900,9700,0.6,0,0.6,
1/16/21,4.7,1.05,-2.6,-7,95,79.5,64,32,18.5,5,24100,22900,20100,16100,0,0,0,
1/15/21,5.6,3.4,1.2,,96,85.5,75,31,19.5,8,24100,16158.3,15250,6400,5,5,0,0
1/14/21,4.6,1.9,-0.8,,91,80,69,22,12,2,16100,13700,12900,9700,0,0,0,1
1/13/21,3.1,0.85,-1.4,-6,93,83.5,74,25,13,1,24100,14166.7,16900,9700,0,0,0,1
1/12/21,-1.2,-1.65,-2.1,-8,91,82.5,74,21,16.5,12,19300,11966.7,13700,8100,0,0,0,1
1/11/21,0.2,-2.95,-6.1,-10,89,79.5,70,28,15.5,3,24100,18700,16900,9700,0,0,0,2
1/10/21,1.9,-1.85,-5.6,-10,89,79,69,21,12.5,4,24100,23900,21700,19300,0,0,0,2
1/9/21,3.3,-0.5,-4.3,-10,77,54.5,32,25,18,11,24100,24100,24100,24100,0,0,0,2
1/8/21,-3.5,-6.4,-9.3,-17,90,73.5,57,22,15,8,24100,23900,21700,19300,0,0,0,2
1/7/21,-0.6,-3.84,-7.1,-13,79,68.5,58,25,17.5,10,24100,24100,24100,24100,0,0,0,2
1/6/21,2,0.4,-1.2,-7,85,76,67,33,23,13,24100,23900,21700,19300,0.2,0,0.2,2
1/5/21,1,0.45,-0.1,,94,87.5,81,13,9,5,24100,15483.3,14450,4800,0.2,0,0.2,2
1/4/21,1.1,0.15,-0.8,-4,91,86.5,82,13,7,1,24100,19900,18500,12900,0,0,0,2
1/3/21,1.1,0.15,-0.8,-5,98,91,84,18,10.5,3,24100,17579.2,12850,1600,1.6,0,1.4,4
1/2/21,1.2,-0.65,-2.5,-8,98,85,72,26,14.5,3,24100,19987.5,12850,1600,6.8,3.8,4,7
1/1/21,1.6,-1.24,-4.1,-6,98,80.5,63,28,14.5,1,24100,17954.2,13250,2400,8,5.4,3,1