,Min Delay,Min Gap,delay_count,date,max_temperature,avg_temperature,min_temperature,avg_visibility,precipitation
0,83.12727272727273,96.21818181818182,55.0,1/1/21,1.6,-1.24,-4.1,13250,8.0
1,16.27338129496403,30.136690647482013,139.0,1/1/22,4.5,0.64,-3.2,12250,2.4
2,15.865384615384615,28.346153846153847,52.0,1/10/21,1.9,-1.85,-5.6,21700,0.0
3,15.094827586206897,27.50862068965517,232.0,1/10/22,-7.1,-12.8,-18.5,13050,0.2
4,23.13,36.17,100.0,1/11/21,0.2,-2.95,-6.1,16900,0.0
5,14.097222222222221,25.02777777777778,216.0,1/11/22,-3.9,-12.5,-21.1,16900,0.2
6,26.581632653061224,39.83673469387755,98.0,1/12/21,-1.2,-1.65,-2.1,13700,0.0
7,18.21142857142857,30.89142857142857,175.0,1/12/22,1.8,-0.99,-3.8,21700,0.0
8,21.91089108910891,34.34653465346535,101.0,1/13/21,3.1,0.85,-1.4,16900,0.0
9,15.128378378378379,26.986486486486488,148.0,1/13/22,0.9,-1.35,-3.6,14450,0.0
10,15.195402298850574,27.20689655172414,87.0,1/14/21,4.6,1.9,-0.8,12900,0.0
11,15.148717948717948,28.08205128205128,195.0,1/14/22,-1.6,-10.35,-19.1,24100,0.0
12,24.271844660194176,33.94174757281554,103.0,1/15/21,5.6,3.4,1.2,15250,5.0
13,18.280701754385966,31.093567251461987,171.0,1/15/22,-13.1,-17.1,-21.1,16900,0.0
14,24.617021276595743,38.5531914893617,47.0,1/16/21,4.7,1.05,-2.6,20100,0.0
15,16.94,30.26,100.0,1/16/22,-1.4,-8.44,-15.5,12450,3.6
16,27.91044776119403,43.95522388059702,67.0,1/17/21,4.2,0.75,-2.7,16900,0.6
17,12.512048192771084,21.52409638554217,166.0,1/17/22,-2.8,-4.4,-6.0,12150,28.8
18,21.0,35.12328767123287,73.0,1/18/21,0.9,-1.85,-4.6,15250,0.0
19,11.97609561752988,22.382470119521912,251.0,1/18/22,-1.0,-6.25,-11.5,12650,1.2
20,19.008849557522122,31.106194690265486,113.0,1/19/21,-0.1,-1.8,-3.5,15250,0.6
21,29.953405017921146,38.655913978494624,279.0,1/19/22,3.8,-2.55,-8.9,20100,0.0
22,22.686567164179106,38.62686567164179,67.0,1/2/21,1.2,-0.65,-2.5,12850,6.8
23,15.520661157024794,29.52892561983471,121.0,1/2/22,-2.9,-7.6,-12.3,12450,1.4
24,17.318181818181817,29.918181818181818,110.0,1/20/21,-2.2,-4.95,-7.7,24100,0.0
25,20.233606557377048,31.2172131147541,244.0,1/20/22,-8.8,-13.75,-18.7,24100,0.0
26,22.634408602150536,24.677419354838708,93.0,1/21/21,3.1,0.65,-1.8,20100,0.2
27,15.160621761658032,26.683937823834196,193.0,1/21/22,-9.8,-14.9,-20.0,24100,0.0
28,25.682692307692307,30.692307692307693,104.0,1/22/21,1.0,-3.4,-7.8,13850,0.4
29,27.726495726495727,42.17094017094017,117.0,1/22/22,-4.6,-11.7,-18.8,14050,0.4
30,30.5,35.1875,80.0,1/23/21,-4.8,-8.69,-12.6,24100,0.0
31,50.59848484848485,64.06818181818181,132.0,1/23/22,-5.2,-11.5,-17.8,14450,0.0
32,31.78,46.7,50.0,1/24/21,-2.7,-4.95,-7.2,24100,0.0
33,34.0,46.654761904761905,168.0,1/24/22,-5.5,-11.6,-17.7,12450,3.6
34,14.150943396226415,26.58490566037736,106.0,1/25/21,1.9,-0.9,-3.7,24100,0.0
35,17.019607843137255,28.058823529411764,153.0,1/25/22,-7.3,-11.35,-15.4,24100,0.0
36,24.03448275862069,37.172413793103445,116.0,1/26/21,-0.5,-2.54,-4.6,12250,7.4
37,25.735632183908045,37.839080459770116,174.0,1/26/22,-8.9,-12.2,-15.5,21700,0.0
38,24.31578947368421,35.93859649122807,114.0,1/27/21,-3.3,-6.75,-10.2,24100,0.0
39,24.820689655172412,35.765517241379314,145.0,1/27/22,-3.9,-8.9,-13.9,16900,0.4
40,19.583333333333332,32.75925925925926,108.0,1/28/21,-7.8,-10.8,-13.8,24100,0.0
41,29.270967741935483,40.99354838709677,155.0,1/28/22,-4.3,-11.15,-18.0,24100,0.0
42,22.298969072164947,36.618556701030926,97.0,1/29/21,-7.1,-10.85,-14.6,16900,0.2
43,30.76691729323308,46.05263157894737,133.0,1/29/22,-11.5,-16.35,-21.2,24100,0.0
44,18.653061224489797,34.46938775510204,49.0,1/3/21,1.1,0.15,-0.8,12850,1.6
45,16.084615384615386,27.95,260.0,1/3/22,-6.6,-10.85,-15.1,24100,0.0
46,35.42622950819672,52.16393442622951,61.0,1/30/21,-2.2,-8.0,-13.8,24100,0.0
47,29.32,44.93333333333333,75.0,1/30/22,-4.9,-9.85,-14.8,28150,0.0
48,21.451612903225808,38.0,62.0,1/31/21,-5.2,-7.9,-10.6,20100,0.0
49,24.013422818791945,38.88590604026846,149.0,1/31/22,-0.9,-3.95,-7.0,20100,0.0
50,15.882978723404255,27.872340425531913,94.0,1/4/21,1.1,0.15,-0.8,18500,0.0
51,17.13953488372093,29.316279069767443,215.0,1/4/22,2.5,-2.65,-7.8,24100,0.0
52,18.11764705882353,33.78431372549019,102.0,1/5/21,1.0,0.45,-0.1,14450,0.2
53,14.626415094339622,26.366037735849055,265.0,1/5/22,4.1,-0.85,-5.8,16900,0.8
54,16.748091603053435,31.099236641221374,131.0,1/6/21,2.0,0.4,-1.2,21700,0.2
55,15.25925925925926,26.83539094650206,243.0,1/6/22,0.0,-3.55,-7.1,16900,0.0
56,15.57258064516129,28.661290322580644,124.0,1/7/21,-0.6,-3.84,-7.1,24100,0.0
57,16.93448275862069,28.689655172413794,290.0,1/7/22,-5.4,-8.75,-12.1,16900,0.0
58,18.532846715328468,32.503649635036496,137.0,1/8/21,-3.5,-6.4,-9.3,21700,0.0
59,20.837209302325583,33.01744186046512,172.0,1/8/22,0.6,-7.2,-15.0,24100,0.0
60,21.719298245614034,38.19298245614035,57.0,1/9/21,3.3,-0.5,-4.3,24100,0.0
61,26.454545454545453,39.45454545454545,99.0,1/9/22,3.6,-2.15,-7.9,14050,0.0
62,41.75,50.120370370370374,108.0,10/1/21,20.9,13.95,7.0,24100,0.0
63,24.729166666666668,41.177083333333336,96.0,10/10/21,20.8,18.6,16.4,20100,0.8
64,19.954545454545453,36.0,88.0,10/11/21,22.3,19.5,16.7,24100,0.0
65,37.29323308270677,52.24812030075188,133.0,10/12/21,22.3,19.39,16.5,24100,0.0
66,28.05785123966942,41.735537190082646,121.0,10/13/21,21.7,18.14,14.6,20100,0.0
67,27.16891891891892,40.36486486486486,148.0,10/14/21,21.8,17.35,12.9,16900,1.8
68,39.08849557522124,52.3716814159292,113.0,10/15/21,19.4,16.85,14.3,14050,8.4
69,16.696,29.672,125.0,10/16/21,15.1,11.55,8.0,20100,2.8
70,16.134328358208954,27.761194029850746,67.0,10/17/21,15.1,11.05,7.0,24100,0.0
71,27.57547169811321,39.84905660377358,106.0,10/18/21,14.2,9.14,4.1,24100,1.4
72,28.26950354609929,40.5531914893617,141.0,10/19/21,21.1,12.6,4.1,24100,0.0
73,24.50925925925926,39.76851851851852,108.0,10/2/21,25.6,19.35,13.1,24100,0.2
74,15.12396694214876,27.826446280991735,121.0,10/20/21,19.5,14.8,10.1,21700,0.4
75,16.474137931034484,29.96551724137931,116.0,10/21/21,17.5,12.9,8.3,21700,3.0
76,28.67924528301887,42.113207547169814,106.0,10/22/21,9.3,6.8,4.3,24100,0.0
77,19.157894736842106,33.578947368421055,95.0,10/23/21,9.6,6.19,2.8,24100,0.0
78,26.424242424242426,41.5,66.0,10/24/21,13.3,7.8,2.3,24100,2.0
79,14.913669064748202,28.64748201438849,139.0,10/25/21,8.8,6.75,4.7,14450,18.2
80,13.659685863874346,25.67539267015707,191.0,10/26/21,7.8,6.25,4.7,14450,8.4
81,14.966346153846153,27.53846153846154,208.0,10/27/21,16.1,11.65,7.2,24100,0.0
82,16.627329192546583,29.130434782608695,161.0,10/28/21,10.1,7.6,5.1,24100,0.0
83,15.036144578313253,16.53012048192771,83.0,10/29/21,13.5,11.0,8.5,16900,10.2
84,28.50769230769231,41.12307692307692,65.0,10/3/21,19.9,17.7,15.5,13650,20.6
85,5.695652173913044,6.891304347826087,46.0,10/30/21,9.6,8.8,8.0,9650,9.0
86,0.8148148148148148,1.9259259259259258,27.0,10/31/21,15.1,10.95,6.8,14450,0.2
87,18.16393442622951,29.311475409836067,122.0,10/4/21,16.0,15.2,14.4,9250,3.4
88,22.462365591397848,35.225806451612904,93.0,10/5/21,18.0,16.2,14.4,13650,0.0
89,20.92248062015504,34.44186046511628,129.0,10/6/21,18.4,16.25,14.1,24100,0.0
90,15.221621621621622,28.10810810810811,185.0,10/7/21,19.9,17.39,14.9,21700,0.0
91,27.081818181818182,42.09090909090909,110.0,10/8/21,20.4,17.45,14.5,20100,0.0
92,23.58252427184466,36.213592233009706,103.0,10/9/21,20.2,18.5,16.8,13650,11.0
93,0.0,0.0,33.0,11/1/21,10.4,6.7,3.0,24100,0.0
94,22.210526315789473,34.19298245614035,114.0,11/10/21,13.0,7.25,1.5,24100,0.0
95,18.950819672131146,30.778688524590162,122.0,11/11/21,13.5,9.8,6.1,24100,0.6
96,30.517241379310345,43.86206896551724,116.0,11/12/21,12.4,8.44,4.5,21700,0.4
97,23.266666666666666,37.285714285714285,105.0,11/13/21,7.6,5.05,2.5,21700,0.0
98,27.482758620689655,42.18390804597701,87.0,11/14/21,4.8,2.9,1.0,16100,8.2
99,26.77319587628866,39.7319587628866,97.0,11/15/21,5.8,2.8,-0.2,16900,0.4
100,24.035211267605632,36.5,142.0,11/16/21,5.9,2.5,-0.9,24100,0.0
101,17.428571428571427,32.16233766233766,154.0,11/17/21,16.9,9.6,2.3,16900,0.6
102,21.241176470588236,34.78235294117647,170.0,11/18/21,15.1,8.1,1.1,24100,0.2
103,21.570621468926554,34.88135593220339,177.0,11/19/21,6.1,2.75,-0.6,24100,0.0
104,2.6363636363636362,4.636363636363637,44.0,11/2/21,8.9,4.5,0.1,24100,0.0
105,16.65,30.6125,80.0,11/20/21,5.9,3.1,0.3,21700,0.0
106,24.073529411764707,39.294117647058826,68.0,11/21/21,8.0,4.55,1.1,14450,5.0
107,23.04123711340206,37.74226804123711,97.0,11/22/21,3.8,0.44,-2.9,24100,0.0
108,21.287037037037038,33.27777777777778,108.0,11/23/21,3.9,-0.25,-4.4,24100,0.0
109,32.12280701754386,47.3859649122807,114.0,11/24/21,8.7,2.95,-2.8,24100,0.6
110,20.079710144927535,32.31884057971015,138.0,11/25/21,7.5,5.55,3.6,15250,5.8
111,20.52252252252252,33.333333333333336,111.0,11/26/21,3.6,0.6,-2.4,21700,0.0
112,22.433962264150942,39.20754716981132,53.0,11/27/21,1.4,-1.0,-3.4,18500,0.2
113,24.8125,43.416666666666664,96.0,11/28/21,-1.0,-2.45,-3.9,12850,11.0
114,19.88,33.50666666666667,75.0,11/29/21,0.4,-3.84,-8.1,16900,0.4
115,0.0,0.0,38.0,11/3/21,7.6,3.0,-1.6,24100,0.0
116,21.285714285714285,35.12605042016807,119.0,11/30/21,2.8,-1.1,-5.0,13250,2.2
117,0.0,0.0,50.0,11/4/21,8.5,3.75,-1.0,24100,0.0
118,26.025974025974026,35.077922077922075,77.0,11/5/21,10.2,3.49,-3.2,24100,0.0
119,23.946666666666665,43.986666666666665,75.0,11/6/21,11.6,5.9,0.2,24100,0.0
120,27.1875,40.984375,64.0,11/7/21,16.4,9.25,2.1,24100,0.0
121,26.41025641025641,41.3974358974359,78.0,11/8/21,19.1,11.2,3.3,16900,0.0
122,20.232323232323232,41.06060606060606,99.0,11/9/21,14.0,10.4,6.8,20100,2.6
123,17.73267326732673,30.93069306930693,101.0,12/1/21,5.0,2.1,-0.8,24100,0.0
124,17.96732026143791,30.901960784313726,153.0,12/10/21,5.6,3.2,0.8,20100,0.0
125,53.788990825688074,66.58715596330275,109.0,12/11/21,17.9,9.5,1.1,13650,21.6
126,26.608695652173914,38.19565217391305,92.0,12/12/21,6.9,3.1,-0.7,24100,0.0
127,24.339285714285715,37.19642857142857,112.0,12/13/21,9.3,5.85,2.4,24100,0.0
128,14.47,26.21,100.0,12/14/21,6.8,3.75,0.7,24100,0.0
129,18.73015873015873,33.20634920634921,126.0,12/15/21,12.9,8.25,3.6,21700,0.6
130,22.361842105263158,33.73026315789474,152.0,12/16/21,17.1,10.35,3.6,24100,0.0
131,30.55909090909091,41.39090909090909,220.0,12/17/21,5.2,2.4,-0.4,24100,0.0
132,23.110344827586207,36.39310344827586,145.0,12/18/21,0.3,-1.55,-3.4,12450,8.2
133,17.793478260869566,30.456521739130434,92.0,12/19/21,-2.5,-4.65,-6.8,24100,0.0
134,17.694214876033058,29.90909090909091,121.0,12/2/21,10.5,5.9,1.3,15250,1.0
135,28.109756097560975,41.49390243902439,164.0,12/20/21,3.7,-2.04,-7.8,24100,0.0
136,14.366197183098592,27.330985915492956,142.0,12/21/21,3.4,1.1,-1.2,24100,0.0
137,17.016393442622952,29.91393442622951,244.0,12/22/21,3.5,-0.29,-4.1,16100,0.6
138,15.007220216606498,26.989169675090253,277.0,12/23/21,-0.5,-3.55,-6.6,12650,4.4
139,16.488888888888887,29.33703703703704,270.0,12/24/21,2.8,1.09,-0.6,10050,0.2
140,15.958762886597938,29.61855670103093,97.0,12/25/21,7.0,4.65,2.3,12650,3.6
141,15.977011494252874,31.942528735632184,87.0,12/26/21,3.2,-1.14,-5.5,24100,0.0
142,17.367346938775512,30.6734693877551,98.0,12/27/21,0.1,-3.05,-6.2,12450,3.6
143,13.52016129032258,25.822580645161292,248.0,12/28/21,2.3,0.84,-0.6,14050,0.2
144,13.101639344262296,25.75409836065574,305.0,12/29/21,2.2,0.95,-0.3,14050,0.2
145,25.257142857142856,39.77857142857143,140.0,12/3/21,1.5,0.45,-0.6,24100,0.0
146,15.093406593406593,28.967032967032967,364.0,12/30/21,2.2,1.1,0.0,20100,0.0
147,15.883408071748878,28.329596412556054,446.0,12/31/21,6.7,4.3,1.9,13250,0.0
148,17.2,33.30769230769231,65.0,12/4/21,5.2,2.25,-0.7,24100,0.0
149,16.733333333333334,28.533333333333335,60.0,12/5/21,4.1,0.14,-3.8,12850,17.6
150,14.984615384615385,26.96923076923077,130.0,12/6/21,11.2,4.39,-2.4,15250,2.0
151,22.691056910569106,30.642276422764226,123.0,12/7/21,-1.6,-4.4,-7.2,14450,0.2
152,24.496598639455783,37.61904761904762,147.0,12/8/21,-1.0,-3.8,-6.6,13050,2.2
153,20.232758620689655,31.78448275862069,116.0,12/9/21,0.7,-2.29,-5.3,12450,1.8
154,15.459770114942529,28.701149425287355,87.0,2/1/21,-3.7,-7.5,-11.3,24100,0.0
155,16.217054263565892,30.356589147286822,129.0,2/1/22,4.7,-2.19,-9.1,21700,0.0
156,13.64367816091954,24.942528735632184,87.0,2/10/21,-5.3,-9.25,-13.2,24100,0.0
157,36.49107142857143,41.94642857142857,112.0,2/10/22,2.8,0.99,-0.8,20100,0.0
158,22.75,35.84722222222222,72.0,2/11/21,-4.7,-7.94,-11.2,24100,0.0
159,14.022388059701493,25.917910447761194,134.0,2/11/22,3.5,1.05,-1.4,16100,5.0
160,18.246913580246915,30.17283950617284,81.0,2/12/21,-8.3,-11.25,-14.2,13450,1.8
161,39.62589928057554,52.43884892086331,139.0,2/12/22,2.5,-5.5,-13.5,16900,1.8
162,14.656565656565656,30.98989898989899,99.0,2/13/21,-9.1,-11.5,-13.9,12850,2.2
163,21.912,36.288,125.0,2/13/22,-9.2,-12.9,-16.6,14450,0.2
164,22.677966101694917,36.389830508474574,59.0,2/14/21,-4.0,-9.4,-14.8,15250,0.4
165,27.73873873873874,43.11711711711712,111.0,2/14/22,-9.6,-13.05,-16.5,24100,0.0
166,20.76595744680851,32.96808510638298,94.0,2/15/21,-4.2,-6.94,-9.7,12850,3.2
167,16.473214285714285,30.821428571428573,112.0,2/15/22,-3.3,-7.3,-11.3,24100,0.0
168,24.74025974025974,38.04545454545455,154.0,2/16/21,-7.0,-11.15,-15.3,12350,8.8
169,17.44360902255639,29.541353383458645,133.0,2/16/22,10.7,3.45,-3.8,24100,0.2
170,19.55140186915888,32.74766355140187,107.0,2/17/21,-4.6,-10.3,-16.0,24100,0.0
171,40.17333333333333,54.44,225.0,2/17/22,7.2,1.0,-5.2,12450,36.2
172,19.197802197802197,31.428571428571427,91.0,2/18/21,-3.6,-6.4,-9.2,12850,0.0
173,22.099547511312217,34.19457013574661,221.0,2/18/22,-4.8,-7.65,-10.5,12350,5.0
174,19.42608695652174,33.78260869565217,115.0,2/19/21,-2.5,-4.84,-7.2,12850,7.8
175,29.472972972972972,42.648648648648646,148.0,2/19/22,-2.0,-6.65,-11.3,12650,4.2
176,15.487179487179487,28.807692307692307,78.0,2/2/21,-0.9,-5.25,-9.6,24100,0.0
177,30.682051282051283,42.282051282051285,195.0,2/2/22,4.6,0.79,-3.0,12650,11.4
178,32.46875,45.65625,64.0,2/20/21,-1.8,-6.6,-11.4,16100,0.4
179,18.214285714285715,30.366071428571427,112.0,2/20/22,6.9,-1.29,-9.5,24100,0.0
180,16.358490566037737,31.32075471698113,53.0,2/21/21,-1.5,-6.95,-12.4,20100,0.0
181,22.181818181818183,36.78787878787879,66.0,2/21/22,6.2,2.8,-0.6,24100,0.0
182,20.46456692913386,32.86614173228347,127.0,2/22/21,2.8,0.54,-1.7,12350,4.8
183,21.708029197080293,35.09489051094891,137.0,2/22/22,9.2,4.19,-0.8,13650,9.4
184,18.386363636363637,31.886363636363637,88.0,2/23/21,4.3,1.79,-0.7,13850,0.2
185,23.182539682539684,36.65873015873016,126.0,2/23/22,8.9,-0.89,-10.7,16900,0.0
186,14.090395480225988,26.271186440677965,177.0,2/24/21,8.4,3.9,-0.6,18500,0.0
187,17.296296296296298,31.325925925925926,135.0,2/24/22,-5.2,-8.4,-11.6,21700,0.0
188,14.798816568047338,28.06508875739645,169.0,2/25/21,0.9,-1.4,-3.7,21700,0.0
189,22.338983050847457,34.33898305084746,177.0,2/25/22,-5.5,-9.19,-12.9,12350,4.2
190,22.129032258064516,35.61290322580645,155.0,2/26/21,3.8,-1.55,-6.9,24100,0.0
191,21.895652173913042,34.34782608695652,115.0,2/26/22,-2.2,-7.8,-13.4,24100,0.0
192,14.318965517241379,27.655172413793103,116.0,2/27/21,5.8,2.54,-0.7,15250,6.2
193,22.152173913043477,34.358695652173914,92.0,2/27/22,0.4,-3.75,-7.9,13250,0.4
194,13.50943396226415,26.160377358490567,106.0,2/28/21,6.5,2.4,-1.7,12150,1.0
195,23.214285714285715,37.042857142857144,140.0,2/28/22,-3.8,-8.75,-13.7,24100,0.0
196,15.136363636363637,28.263636363636362,110.0,2/3/21,0.6,-2.85,-6.3,24100,0.0
197,24.26865671641791,35.34825870646766,201.0,2/3/22,-3.0,-6.75,-10.5,12850,4.2
198,20.843373493975903,33.44578313253012,83.0,2/4/21,4.3,-1.45,-7.2,16900,1.4
199,44.78,57.75333333333333,150.0,2/4/22,-10.5,-12.25,-14.0,13250,0.4
200,22.824742268041238,34.16494845360825,97.0,2/5/21,1.7,-3.15,-8.0,12650,5.2
201,29.54639175257732,44.06185567010309,97.0,2/5/22,-7.2,-11.3,-15.4,24100,0.0
202,17.0126582278481,30.645569620253166,79.0,2/6/21,-6.0,-7.7,-9.4,16100,0.0
203,36.47126436781609,48.666666666666664,87.0,2/6/22,-0.2,-3.7,-7.2,24100,0.0
204,20.660377358490567,37.905660377358494,53.0,2/7/21,-6.2,-9.75,-13.3,15250,0.6
205,25.992,39.456,125.0,2/7/22,2.4,-0.3,-3.0,18500,0.0
206,18.340425531914892,31.56382978723404,94.0,2/8/21,-6.5,-9.94,-13.4,13650,0.2
207,18.73170731707317,29.682926829268293,123.0,2/8/22,-0.4,-2.95,-5.5,16900,0.0
208,17.486238532110093,32.74311926605505,109.0,2/9/21,-2.7,-7.05,-11.4,13250,1.0
209,29.37226277372263,48.00729927007299,137.0,2/9/22,6.0,0.25,-5.5,20100,0.0
210,12.90857142857143,24.965714285714284,175.0,3/1/21,5.4,-2.2,-9.8,16900,0.0
211,16.0625,28.625,96.0,3/1/22,5.2,0.7,-3.8,21700,0.0
212,17.805405405405406,30.87027027027027,185.0,3/10/21,15.3,6.5,-2.3,20100,0.0
213,15.142857142857142,28.39047619047619,105.0,3/10/22,4.2,0.4,-3.4,24100,0.0
214,22.972350230414747,35.83410138248848,217.0,3/11/21,19.3,12.4,5.5,21700,2.0
215,18.20689655172414,31.317241379310346,145.0,3/11/22,-0.7,-2.1,-3.5,12850,4.8
216,17.4421768707483,30.183673469387756,147.0,3/12/21,11.3,3.25,-4.8,24100,0.0
217,17.563106796116504,31.12621359223301,103.0,3/12/22,-3.3,-6.19,-9.1,14050,0.2
218,15.421052631578947,29.042105263157893,95.0,3/13/21,5.6,-0.7,-7.0,24100,0.0
219,14.589285714285714,28.75,56.0,3/13/22,-0.3,-5.35,-10.4,12850,0.8
220,14.194444444444445,26.194444444444443,72.0,3/14/21,3.5,-1.29,-6.1,24100,0.0
221,14.120805369127517,25.738255033557046,149.0,3/14/22,6.5,0.89,-4.7,20100,0.0
222,13.460526315789474,26.32236842105263,152.0,3/15/21,-1.0,-5.0,-9.0,24100,0.0
223,18.058823529411764,31.954248366013072,153.0,3/15/22,1.5,0.85,0.2,12650,10.6
224,20.098039215686274,29.166666666666668,204.0,3/16/21,3.5,0.8,-1.9,24100,0.0
225,18.165714285714287,31.577142857142857,175.0,3/16/22,2.5,0.65,-1.2,3200,0.0
226,29.222857142857144,38.14857142857143,175.0,3/17/21,9.0,5.09,1.2,20100,0.0
227,17.322222222222223,28.544444444444444,180.0,3/17/22,17.3,8.45,-0.4,12050,0.0
228,15.134615384615385,27.33653846153846,208.0,3/18/21,6.8,2.25,-2.3,18500,0.4
229,13.737373737373737,26.77777777777778,198.0,3/18/22,14.3,9.94,5.6,21700,0.0
230,14.715686274509803,26.54901960784314,204.0,3/19/21,3.7,-0.79,-5.3,24100,0.0
231,23.205882352941178,34.43382352941177,136.0,3/19/22,8.8,6.3,3.8,13650,5.6
232,17.05855855855856,29.32882882882883,222.0,3/2/21,0.2,-6.7,-13.6,24100,0.0
233,15.737864077669903,29.475728155339805,103.0,3/2/22,3.0,-1.0,-5.0,13650,0.8
234,14.122641509433961,27.056603773584907,106.0,3/20/21,14.9,6.25,-2.4,24100,0.0
235,24.7012987012987,38.298701298701296,77.0,3/20/22,11.9,6.35,0.8,17700,0.6
236,23.1875,38.625,80.0,3/21/21,14.9,6.45,-2.0,24100,0.0
237,20.6,33.50370370370371,135.0,3/21/22,13.1,6.2,-0.7,24100,0.0
238,23.936507936507937,38.55555555555556,126.0,3/22/21,16.1,7.55,-1.0,24100,0.0
239,16.6953125,30.640625,128.0,3/22/22,5.8,1.45,-2.9,24100,0.0
240,16.47222222222222,31.20138888888889,144.0,3/23/21,15.5,8.15,0.8,24100,0.0
241,16.484848484848484,29.46212121212121,132.0,3/23/22,4.0,2.4,0.8,15250,20.4
242,19.5,33.61805555555556,144.0,3/24/21,17.6,12.1,6.6,21700,0.8
243,14.507042253521126,28.6056338028169,142.0,3/24/22,11.4,7.4,3.4,15250,0.0
244,18.80722891566265,33.5722891566265,166.0,3/25/21,21.5,14.5,7.5,21700,1.0
245,15.307692307692308,26.897435897435898,156.0,3/25/22,5.9,4.0,2.1,20100,0.0
246,16.35211267605634,29.612676056338028,142.0,3/26/21,10.5,6.9,3.3,14450,34.6
247,24.50632911392405,39.40506329113924,79.0,3/26/22,7.0,2.65,-1.7,16100,2.0
248,14.715909090909092,27.75,88.0,3/27/21,8.2,5.75,3.3,20100,0.2
249,26.197674418604652,43.66279069767442,86.0,3/27/22,-1.7,-5.19,-8.7,12450,1.2
250,21.134328358208954,36.298507462686565,67.0,3/28/21,10.1,6.19,2.3,16100,6.2
251,19.317073170731707,33.77235772357724,123.0,3/28/22,-4.8,-8.1,-11.4,13250,0.2
252,14.348484848484848,27.553030303030305,132.0,3/29/21,7.1,3.2,-0.7,24100,0.0
253,18.1625,31.925,160.0,3/29/22,2.4,-3.34,-9.1,24100,0.0
254,14.98477157360406,28.101522842639593,197.0,3/3/21,7.2,2.2,-2.8,24100,0.0
255,13.315315315315315,25.17117117117117,111.0,3/3/22,-4.6,-7.5,-10.4,24100,0.0
256,20.516129032258064,34.75268817204301,186.0,3/30/21,20.3,10.4,0.5,24100,0.0
257,17.483443708609272,30.29801324503311,151.0,3/30/22,3.6,-0.05,-3.7,16900,2.6
258,18.958549222797927,32.0,193.0,3/31/21,14.7,7.4,0.1,24100,0.0
259,16.70552147239264,30.337423312883434,163.0,3/31/22,18.2,10.3,2.4,24100,1.0
260,16.292134831460675,28.48314606741573,178.0,3/4/21,0.8,-3.6,-8.0,18500,0.0
261,25.504,38.696,125.0,3/4/22,1.3,-4.8,-10.9,24100,0.0
262,18.648275862068967,32.758620689655174,145.0,3/5/21,1.6,-4.35,-10.3,24100,0.0
263,17.39344262295082,30.270491803278688,122.0,3/5/22,3.2,-0.25,-3.7,21700,0.0
264,15.69158878504673,28.11214953271028,107.0,3/6/21,-0.2,-4.69,-9.2,21700,0.0
265,23.736363636363638,37.5,110.0,3/6/22,16.0,7.9,-0.2,16900,2.2
266,15.629213483146067,30.168539325842698,89.0,3/7/21,-0.4,-5.35,-10.3,24100,0.0
267,13.481751824817518,25.532846715328468,137.0,3/7/22,2.7,0.45,-1.8,12850,5.6
268,13.768292682926829,27.146341463414632,164.0,3/8/21,9.6,0.2,-9.2,20100,0.2
269,14.435643564356436,26.97029702970297,101.0,3/8/22,2.6,-0.74,-4.1,15250,0.4
270,13.66161616161616,26.04040404040404,198.0,3/9/21,10.6,4.15,-2.3,24100,0.0
271,21.78095238095238,35.371428571428574,105.0,3/9/22,5.2,1.25,-2.7,21700,0.0
272,14.848101265822784,27.556962025316455,158.0,4/1/21,2.6,-0.14,-2.9,24100,0.0
273,16.8,31.46896551724138,145.0,4/1/22,3.3,0.8,-1.7,13650,1.0
274,14.86013986013986,26.965034965034967,143.0,4/10/21,20.4,15.35,10.3,24100,0.2
275,16.87878787878788,29.924242424242426,66.0,4/10/22,9.4,5.0,0.6,16900,0.0
276,13.82882882882883,26.74774774774775,111.0,4/11/21,16.7,13.45,10.2,14450,13.4
277,14.285714285714286,26.30827067669173,133.0,4/11/22,12.5,7.0,1.5,24100,0.0
278,14.183333333333334,26.055555555555557,180.0,4/12/21,11.2,9.19,7.2,13650,6.2
279,20.3768115942029,32.05072463768116,138.0,4/12/22,15.8,10.45,5.1,24100,0.0
280,14.927710843373495,28.02409638554217,166.0,4/13/21,14.5,10.19,5.9,16900,0.0
281,19.436046511627907,31.988372093023255,172.0,4/13/22,16.0,12.8,9.6,14050,3.2
282,15.096256684491978,27.09625668449198,187.0,4/14/21,15.8,10.25,4.7,12150,0.6
283,16.703125,28.833333333333332,192.0,4/14/22,14.2,9.75,5.3,12250,0.6
284,15.482993197278912,27.517006802721088,147.0,4/15/21,8.0,6.25,4.5,20100,1.8
285,23.925531914893618,39.244680851063826,94.0,4/15/22,14.8,8.45,2.1,24100,0.8
286,12.196078431372548,24.34313725490196,204.0,4/16/21,10.7,7.35,4.0,24100,0.4
287,21.069565217391304,36.02608695652174,115.0,4/16/22,8.2,3.89,-0.4,24100,0.0
288,12.628205128205128,24.71794871794872,78.0,4/17/21,11.9,7.55,3.2,16900,0.2
289,22.025641025641026,36.73076923076923,78.0,4/17/22,8.2,3.34,-1.5,24100,0.0
290,13.106382978723405,25.69148936170213,94.0,4/18/21,15.1,8.94,2.8,21700,0.6
291,20.7,35.475,120.0,4/18/22,7.1,2.75,-1.6,12450,11.4
292,13.365853658536585,26.603658536585368,164.0,4/19/21,17.2,9.4,1.6,16900,1.6
293,19.604026845637584,32.87919463087248,149.0,4/19/22,6.2,3.65,1.1,15250,0.6
294,12.41,23.45,100.0,4/2/21,4.7,0.25,-4.2,24100,0.0
295,23.75221238938053,37.94690265486726,113.0,4/2/22,5.7,0.95,-3.8,24100,0.0
296,14.5359477124183,27.30718954248366,153.0,4/20/21,4.9,2.05,-0.8,14450,0.8
297,14.616438356164384,26.397260273972602,146.0,4/20/22,10.4,6.05,1.7,24100,0.0
298,12.918238993710691,24.57861635220126,159.0,4/21/21,4.6,1.04,-2.5,13050,3.4
299,16.068181818181817,27.893939393939394,132.0,4/21/22,15.7,10.39,5.1,15250,6.2
300,16.930232558139537,29.587209302325583,172.0,4/22/21,5.4,1.35,-2.7,13650,0.2
301,18.66896551724138,31.075862068965517,145.0,4/22/22,12.4,6.7,1.0,24100,0.0
302,25.551136363636363,38.6875,176.0,4/23/21,19.4,8.79,-1.8,24100,0.0
303,17.21818181818182,29.20909090909091,110.0,4/23/22,11.3,9.0,6.7,20100,0.8
304,16.08641975308642,30.962962962962962,81.0,4/24/21,17.1,11.65,6.2,24100,0.0
305,14.706521739130435,28.793478260869566,92.0,4/24/22,16.8,12.05,7.3,24100,0.0
306,14.68421052631579,28.105263157894736,95.0,4/25/21,11.4,6.2,1.0,18500,1.0
307,16.9390243902439,29.74390243902439,164.0,4/25/22,19.0,14.05,9.1,14450,10.0
308,14.24,26.74,200.0,4/26/21,9.4,4.25,-0.9,20100,1.2
309,25.323076923076922,38.684615384615384,130.0,4/26/22,10.4,6.15,1.9,15250,2.8
310,24.05521472392638,36.515337423312886,163.0,4/27/21,13.4,9.05,4.7,16900,3.6
311,32.7,45.825,160.0,4/27/22,4.2,1.15,-1.9,16900,0.0
312,13.830065359477125,26.73202614379085,153.0,4/28/21,17.3,12.75,8.2,12450,6.6
313,14.052941176470588,26.894117647058824,170.0,4/28/22,10.8,4.3,-2.2,24100,0.0
314,14.421052631578947,27.646616541353385,133.0,4/29/21,10.8,9.3,7.8,6850,13.8
315,13.969543147208121,27.060913705583758,197.0,4/29/22,15.0,7.4,-0.2,24100,0.0
316,29.074626865671643,43.16417910447761,67.0,4/3/21,9.5,2.2,-5.1,21700,0.0
317,13.114285714285714,25.0,70.0,4/3/22,6.6,2.8,-1.0,13250,1.0
318,21.43010752688172,32.634408602150536,186.0,4/30/21,9.1,6.3,3.5,24100,0.0
319,20.88976377952756,34.031496062992126,127.0,4/30/22,13.0,7.25,1.5,24100,0.0
320,33.93258426966292,47.53932584269663,89.0,4/4/21,15.1,6.8,-1.5,20100,0.0
321,19.853146853146853,32.85314685314685,143.0,4/4/22,8.6,3.15,-2.3,20100,0.0
322,17.892617449664428,28.91946308724832,149.0,4/5/21,13.5,7.75,2.0,24100,0.0
323,17.15909090909091,30.931818181818183,132.0,4/5/22,13.0,8.3,3.6,21700,1.0
324,15.284090909090908,28.02840909090909,176.0,4/6/21,14.1,7.95,1.8,24100,0.0
325,17.388157894736842,30.44736842105263,152.0,4/6/22,12.1,9.65,7.2,14050,6.6
326,14.050955414012739,26.56687898089172,157.0,4/7/21,17.4,11.1,4.8,24100,0.0
327,15.475524475524475,27.37062937062937,143.0,4/7/22,13.8,9.4,5.0,13650,1.6
328,18.235294117647058,30.470588235294116,136.0,4/8/21,20.6,14.55,8.5,24100,0.0
329,15.472440944881889,28.10236220472441,127.0,4/8/22,9.7,6.1,2.5,24100,1.8
330,12.708333333333334,24.40277777777778,144.0,4/9/21,19.5,15.55,11.6,24100,0.2
331,23.576923076923077,36.50961538461539,104.0,4/9/22,7.8,4.45,1.1,20100,0.6
332,25.485148514851485,37.336633663366335,101.0,5/1/21,13.8,7.5,1.2,24100,0.0
333,15.144736842105264,28.13157894736842,76.0,5/1/22,11.4,8.85,6.3,20100,2.0
334,24.01063829787234,38.15425531914894,188.0,5/10/21,13.7,7.65,1.6,24100,0.0
335,22.262820512820515,34.42948717948718,156.0,5/10/22,22.3,15.25,8.2,24100,0.0
336,18.387434554973822,32.18848167539267,191.0,5/11/21,10.7,5.55,0.4,24100,0.0
337,14.55813953488372,26.33139534883721,172.0,5/11/22,24.5,16.7,8.9,24100,0.0
338,19.502564102564104,32.6051282051282,195.0,5/12/21,17.9,11.14,4.4,24100,0.0
339,12.666666666666666,24.493589743589745,156.0,5/12/22,26.4,18.45,10.5,24100,0.0
340,16.16042780748663,28.83957219251337,187.0,5/13/21,20.3,13.4,6.5,24100,0.0
341,25.982222222222223,35.04,225.0,5/13/22,26.8,19.8,12.8,24100,0.0
342,18.253246753246753,30.12987012987013,154.0,5/14/21,21.2,13.85,6.5,24100,0.0
343,19.161538461538463,33.261538461538464,130.0,5/14/22,26.5,20.85,15.2,24100,0.0
344,25.58252427184466,38.077669902912625,103.0,5/15/21,21.8,14.2,6.6,21700,0.0
345,14.937984496124031,27.72093023255814,129.0,5/15/22,29.2,22.3,15.4,24100,0.0
346,25.957142857142856,38.6,70.0,5/16/21,22.6,15.55,8.5,24100,0.0
347,22.575342465753426,35.726027397260275,146.0,5/16/22,20.1,16.05,12.0,16900,10.8
348,14.860759493670885,28.20253164556962,158.0,5/17/21,23.7,16.05,8.4,24100,0.0
349,16.528455284552845,28.926829268292682,123.0,5/17/22,16.9,11.7,6.5,24100,0.0
350,17.536723163841806,30.847457627118644,177.0,5/18/21,27.9,20.14,12.4,24100,0.0
351,21.008695652173913,34.426086956521736,115.0,5/18/22,14.7,10.25,5.8,24100,0.0
352,13.61111111111111,25.711111111111112,180.0,5/19/21,28.0,20.14,12.3,21700,0.0
353,19.537190082644628,32.429752066115704,121.0,5/19/22,22.5,15.9,9.3,18500,0.2
354,22.07777777777778,38.48888888888889,90.0,5/2/21,17.4,11.95,6.5,24100,0.0
355,19.4375,32.734375,192.0,5/2/22,13.4,10.65,7.9,12050,0.2
356,20.384615384615383,33.57692307692308,182.0,5/20/21,29.9,23.15,16.4,21700,0.0
357,17.25339366515837,29.669683257918553,221.0,5/20/22,23.8,17.7,11.6,20100,0.0
358,19.370588235294118,33.86470588235294,170.0,5/21/21,31.7,23.7,15.7,21700,0.0
359,34.733333333333334,53.4,150.0,5/21/22,29.9,23.04,16.2,13050,6.2
360,17.62962962962963,33.098765432098766,81.0,5/22/21,27.6,23.5,19.4,24100,0.0
361,23.591836734693878,39.36734693877551,49.0,5/22/22,17.7,12.85,8.0,15250,0.4
362,25.893333333333334,38.906666666666666,75.0,5/23/21,25.0,19.64,14.3,24100,0.0
363,50.13235294117647,64.57352941176471,68.0,5/23/22,16.6,11.65,6.7,24100,0.0
364,20.77027027027027,35.432432432432435,74.0,5/24/21,21.0,16.75,12.5,24100,0.0
365,26.50326797385621,39.01960784313726,153.0,5/24/22,19.2,12.7,6.2,24100,0.0
366,16.164556962025316,29.28481012658228,158.0,5/25/21,33.3,23.4,13.5,21700,0.0
367,22.855855855855857,36.873873873873876,111.0,5/25/22,20.1,15.2,10.3,24100,0.2
368,15.488888888888889,28.35,180.0,5/26/21,25.4,17.7,10.0,24100,0.6
369,23.352941176470587,36.751633986928105,153.0,5/26/22,26.9,20.29,13.7,20100,2.4
370,21.46820809248555,34.14450867052023,173.0,5/27/21,18.7,13.39,8.1,24100,0.0
371,19.148387096774194,31.903225806451612,155.0,5/27/22,24.0,19.5,15.0,20100,1.8
372,15.939597315436242,28.476510067114095,149.0,5/28/21,9.9,5.95,2.0,16900,14.2
373,17.233333333333334,29.45,120.0,5/28/22,22.2,17.7,13.2,24100,1.0
374,17.25581395348837,29.453488372093023,86.0,5/29/21,15.8,9.8,3.8,24100,0.0
375,33.602409638554214,47.66265060240964,83.0,5/29/22,24.5,19.0,13.5,24100,0.0
376,19.082278481012658,32.56962025316456,158.0,5/3/21,12.8,10.45,8.1,16900,2.4
377,15.834254143646408,28.243093922651934,181.0,5/3/22,12.6,10.45,8.3,13250,13.0
378,21.666666666666668,37.79012345679013,81.0,5/30/21,19.1,12.65,6.2,24100,0.0
379,29.0,41.609375,128.0,5/30/22,31.9,24.25,16.6,24100,0.0
380,15.748502994011975,28.61676646706587,167.0,5/31/21,24.4,15.7,7.0,24100,0.0
381,16.625,27.625,144.0,5/31/22,32.8,26.9,21.0,24100,0.0
382,15.067708333333334,29.161458333333332,192.0,5/4/21,11.9,9.85,7.8,13250,3.4
383,20.497076023391813,33.485380116959064,171.0,5/4/22,15.7,11.5,7.3,15250,8.6
384,14.145833333333334,27.171875,192.0,5/5/21,12.1,8.25,4.4,24100,1.2
385,18.589285714285715,30.535714285714285,168.0,5/5/22,14.8,9.65,4.5,24100,0.0
386,17.542857142857144,30.34857142857143,175.0,5/6/21,14.4,8.3,2.2,24100,0.0
387,16.571428571428573,29.59259259259259,189.0,5/6/22,16.4,12.5,8.6,24100,0.0
388,14.038461538461538,26.302197802197803,182.0,5/7/21,10.1,5.85,1.6,24100,0.0
389,21.32934131736527,36.137724550898206,167.0,5/7/22,13.9,10.25,6.6,24100,0.0
390,19.339285714285715,34.5625,112.0,5/8/21,15.4,8.9,2.4,24100,0.0
391,16.026666666666667,29.173333333333332,75.0,5/8/22,15.9,10.7,5.5,24100,0.0
392,15.868131868131869,30.142857142857142,91.0,5/9/21,12.0,6.7,1.4,24100,0.0
393,20.294871794871796,31.53846153846154,156.0,5/9/22,19.7,11.7,3.7,24100,0.0
394,17.93121693121693,30.174603174603174,189.0,6/1/21,25.7,20.05,14.4,24100,0.0
395,37.18604651162791,49.054263565891475,129.0,6/1/22,25.7,18.95,12.2,18500,4.2
396,19.640883977900554,33.31491712707182,181.0,6/10/21,25.3,21.45,17.6,24100,0.0
397,16.146596858638745,28.670157068062828,191.0,6/10/22,23.0,17.25,11.5,24100,0.0
398,14.708661417322835,28.881889763779526,127.0,6/11/21,25.3,21.3,17.3,24100,0.0
399,18.238993710691823,31.82389937106918,159.0,6/11/22,24.1,19.39,14.7,24100,0.0
400,17.66304347826087,31.880434782608695,92.0,6/12/21,25.4,21.29,17.2,24100,0.0
401,27.862745098039216,42.205882352941174,102.0,6/12/22,24.7,19.05,13.4,21700,1.2
402,13.404494382022472,26.696629213483146,89.0,6/13/21,29.1,22.9,16.7,24100,0.0
403,22.78494623655914,33.60752688172043,186.0,6/13/22,22.3,16.7,11.1,24100,0.0
404,14.76865671641791,27.529850746268657,134.0,6/14/21,25.0,20.3,15.6,18500,2.8
405,21.776978417266186,32.589928057553955,139.0,6/14/22,24.5,20.5,16.5,24100,0.0
406,21.19047619047619,33.88690476190476,168.0,6/15/21,22.5,17.7,12.9,24100,0.0
407,19.0375,30.8,160.0,6/15/22,27.1,22.1,17.1,24100,0.0
408,16.261111111111113,30.25,180.0,6/16/21,22.3,16.39,10.5,24100,0.0
409,29.212871287128714,41.92079207920792,202.0,6/16/22,33.3,26.04,18.8,24100,0.0
410,20.828282828282827,34.44949494949495,198.0,6/17/21,26.3,17.75,9.2,24100,0.0
411,15.151020408163266,27.35918367346939,245.0,6/17/22,27.3,19.95,12.6,24100,0.0
412,17.09550561797753,30.60674157303371,178.0,6/18/21,24.9,21.45,18.0,16900,5.4
413,20.270440251572328,34.62264150943396,159.0,6/18/22,19.8,15.3,10.8,24100,0.0
414,19.645569620253166,33.28481012658228,158.0,6/19/21,30.9,23.15,15.4,24100,0.0
415,16.339449541284402,34.678899082568805,109.0,6/19/22,23.1,16.6,10.1,24100,0.0
416,13.569230769230769,25.815384615384616,195.0,6/2/21,25.3,19.05,12.8,24100,4.4
417,18.186046511627907,30.426356589147286,129.0,6/2/22,21.9,15.7,9.5,24100,0.0
418,17.131782945736433,30.48062015503876,129.0,6/20/21,27.1,20.55,14.0,24100,0.2
419,26.124087591240876,41.85401459854015,137.0,6/20/22,25.4,20.04,14.7,24100,0.0
420,15.211428571428572,28.65714285714286,175.0,6/21/21,29.7,20.65,11.6,14050,5.8
421,15.040816326530612,26.959183673469386,196.0,6/21/22,35.3,26.15,17.0,24100,0.0
422,13.415492957746478,25.788732394366196,142.0,6/22/21,19.5,14.75,10.0,24100,0.0
423,20.519650655021834,32.26637554585153,229.0,6/22/22,35.5,26.6,17.7,21700,0.0
424,15.288732394366198,27.746478873239436,142.0,6/23/21,23.7,16.25,8.8,24100,0.0
425,23.121019108280255,35.87261146496815,157.0,6/23/22,28.3,21.55,14.8,24100,0.0
426,16.897435897435898,29.41025641025641,156.0,6/24/21,28.1,22.0,15.9,24100,0.0
427,28.136690647482013,40.589928057553955,139.0,6/24/22,28.5,20.95,13.4,24100,0.0
428,16.78181818181818,30.224242424242423,165.0,6/25/21,25.8,22.3,18.8,15250,16.4
429,32.42168674698795,46.65060240963855,83.0,6/25/22,30.7,24.79,18.9,24100,0.0
430,21.30075187969925,34.142857142857146,133.0,6/26/21,27.5,23.25,19.0,16900,5.6
431,19.894117647058824,31.6,85.0,6/26/22,31.4,25.04,18.7,21700,0.4
432,21.917910447761194,34.149253731343286,134.0,6/27/21,31.3,27.5,23.7,24100,0.0
433,17.78767123287671,30.267123287671232,146.0,6/27/22,22.0,17.14,12.3,24100,0.0
434,18.947976878612717,31.838150289017342,173.0,6/28/21,32.2,26.95,21.7,24100,3.0
435,18.446428571428573,31.535714285714285,168.0,6/28/22,24.1,17.55,11.0,24100,0.0
436,14.142857142857142,26.851190476190474,168.0,6/29/21,32.5,26.8,21.1,15250,23.2
437,13.947643979057592,27.858638743455497,191.0,6/29/22,25.2,19.8,14.4,20100,4.2
438,17.266666666666666,30.1,180.0,6/3/21,22.2,18.5,14.8,12850,2.6
439,13.278145695364238,25.62251655629139,151.0,6/3/22,25.7,17.0,8.3,24100,0.2
440,14.492822966507177,27.066985645933013,209.0,6/30/21,28.0,23.4,18.8,21700,0.4
441,16.723958333333332,29.828125,192.0,6/30/22,27.6,20.75,13.9,24100,0.0
442,20.569060773480665,33.04419889502763,181.0,6/4/21,28.2,21.95,15.7,20100,0.0
443,17.156462585034014,30.523809523809526,147.0,6/4/22,21.1,14.15,7.2,24100,0.0
444,14.86021505376344,27.978494623655912,93.0,6/5/21,32.5,26.05,19.6,24100,0.0
445,22.925,36.083333333333336,120.0,6/5/22,25.2,17.89,10.6,24100,0.8
446,20.36842105263158,34.0,95.0,6/6/21,33.8,26.7,19.6,24100,0.0
447,15.778443113772456,27.568862275449103,167.0,6/6/22,21.7,17.7,13.7,16900,9.2
448,15.751479289940828,29.65680473372781,169.0,6/7/21,31.8,25.7,19.6,24100,0.0
449,19.34,30.373333333333335,150.0,6/7/22,23.0,17.39,11.8,12650,12.6
450,17.9,30.626315789473683,190.0,6/8/21,26.5,23.7,20.9,13050,10.2
451,14.67741935483871,26.81935483870968,155.0,6/8/22,22.3,16.39,10.5,24100,3.6
452,13.310526315789474,25.936842105263157,190.0,6/9/21,29.4,24.45,19.5,20100,0.0
453,13.333333333333334,24.46808510638298,141.0,6/9/22,22.4,17.29,12.2,16100,4.0
454,11.518518518518519,19.962962962962962,27.0,7/1/21,26.3,21.3,16.3,24100,0.0
455,17.72463768115942,33.46376811594203,69.0,7/1/22,29.6,25.0,20.4,20100,0.6
456,11.311111111111112,19.644444444444446,45.0,7/10/21,23.6,18.3,13.0,24100,0.0
457,19.93548387096774,34.58870967741935,124.0,7/10/22,27.8,20.95,14.1,24100,0.0
458,46.5,55.107142857142854,28.0,7/11/21,21.1,18.6,16.1,20100,1.4
459,15.640718562874252,29.263473053892216,167.0,7/11/22,31.6,23.5,15.4,21700,0.4
460,10.076923076923077,17.653846153846153,26.0,7/12/21,25.0,21.85,18.7,24100,0.0
461,16.0,28.182692307692307,208.0,7/12/22,28.1,23.2,18.3,24100,0.0
462,10.935483870967742,18.612903225806452,31.0,7/13/21,26.9,23.29,19.7,16100,8.8
463,14.571428571428571,26.36263736263736,182.0,7/13/22,24.1,20.35,16.6,24100,0.0
464,24.482758620689655,32.86206896551724,29.0,7/14/21,29.5,24.4,19.3,24100,0.0
465,23.455445544554454,34.62871287128713,202.0,7/14/22,26.8,20.95,15.1,24100,0.0
466,13.137931034482758,20.17241379310345,29.0,7/15/21,30.0,24.85,19.7,15250,6.4
467,15.0,28.255555555555556,180.0,7/15/22,27.1,21.0,14.9,24100,0.0
468,12.225,19.175,40.0,7/16/21,24.6,21.6,18.6,24100,0.0
469,13.534391534391535,26.195767195767196,189.0,7/16/22,29.4,23.04,16.7,24100,0.0
470,15.342857142857143,23.485714285714284,35.0,7/17/21,22.0,20.39,18.8,16900,3.4
471,28.91891891891892,42.252252252252255,111.0,7/17/22,29.4,23.9,18.4,24100,0.0
472,14.275862068965518,25.03448275862069,29.0,7/18/21,29.4,23.75,18.1,21700,0.0
473,13.376984126984127,26.511904761904763,252.0,7/18/22,27.9,23.75,19.6,13650,16.0
474,14.725,22.375,40.0,7/19/21,29.2,24.15,19.1,16100,0.0
475,20.800766283524904,32.747126436781606,261.0,7/19/22,34.7,27.1,19.5,24100,0.0
476,23.130434782608695,31.41304347826087,46.0,7/2/21,24.7,20.2,15.7,13050,24.4
477,18.458015267175572,31.053435114503817,131.0,7/2/22,29.3,21.65,14.0,24100,0.0
478,11.64,20.6,25.0,7/20/21,29.5,24.3,19.1,16900,0.0
479,17.767857142857142,30.147321428571427,224.0,7/20/22,31.7,27.54,23.4,24100,0.0
480,11.972972972972974,19.64864864864865,37.0,7/21/21,24.8,19.85,14.9,24100,0.0
481,15.308035714285714,27.205357142857142,224.0,7/21/22,31.3,26.35,21.4,24100,0.0
482,15.26923076923077,22.73076923076923,26.0,7/22/21,26.1,19.8,13.5,24100,0.0
483,15.34074074074074,28.35925925925926,270.0,7/22/22,32.7,25.95,19.2,24100,0.0
484,10.904761904761905,17.642857142857142,42.0,7/23/21,26.1,20.39,14.7,24100,0.0
485,16.056338028169016,29.866197183098592,142.0,7/23/22,33.2,27.5,21.8,24100,0.0
486,17.91176470588235,26.08823529411765,34.0,7/24/21,22.8,20.45,18.1,14450,19.2
487,17.141935483870967,31.374193548387098,155.0,7/24/22,31.0,26.05,21.1,12850,18.4
488,22.147058823529413,17.38235294117647,34.0,7/25/21,30.0,24.2,18.4,18500,0.0
489,23.35,35.375,200.0,7/25/22,23.4,19.6,15.8,24100,0.0
490,13.088235294117647,21.205882352941178,34.0,7/26/21,30.4,23.5,16.6,18500,0.0
491,21.881147540983605,35.192622950819676,244.0,7/26/22,24.2,19.0,13.8,24100,0.0
492,13.333333333333334,20.555555555555557,9.0,7/27/21,26.1,21.35,16.6,13650,5.6
493,14.717054263565892,27.147286821705425,258.0,7/27/22,26.2,21.1,16.0,24100,0.0
494,30.82857142857143,38.885714285714286,35.0,7/28/21,24.0,20.5,17.0,24100,0.0
495,15.17167381974249,28.240343347639485,233.0,7/28/22,29.5,24.2,18.9,20100,0.8
496,13.943396226415095,21.22641509433962,53.0,7/29/21,27.2,22.79,18.4,15250,11.4
497,24.328703703703702,37.898148148148145,216.0,7/29/22,28.9,21.7,14.5,24100,0.0
498,13.533333333333333,21.166666666666668,30.0,7/3/21,25.7,19.8,13.9,24100,0.0
499,20.1981981981982,33.81981981981982,111.0,7/3/22,28.1,20.6,13.1,24100,0.0
500,19.375,27.21875,32.0,7/30/21,20.1,16.64,13.2,24100,0.0
501,28.385135135135137,41.9527027027027,148.0,7/30/22,27.1,21.3,15.5,24100,0.0
502,10.30952380952381,18.571428571428573,42.0,7/31/21,21.5,16.25,11.0,20100,1.0
503,14.201612903225806,27.153225806451612,124.0,7/31/22,28.4,22.6,16.8,24100,0.0
504,11.933333333333334,21.366666666666667,30.0,7/4/21,25.0,20.6,16.2,24100,0.0
505,16.46206896551724,29.83448275862069,145.0,7/4/22,26.2,20.85,15.5,24100,0.0
506,10.04,18.0,25.0,7/5/21,32.3,25.5,18.7,24100,0.0
507,14.018604651162791,27.483720930232558,215.0,7/5/22,27.7,23.04,18.4,13650,7.4
508,18.275862068965516,25.517241379310345,29.0,7/6/21,32.3,27.45,22.6,20100,0.0
509,16.587878787878786,27.315151515151516,165.0,7/6/22,23.9,19.95,16.0,24100,0.0
510,9.555555555555555,16.52777777777778,36.0,7/7/21,24.4,20.35,16.3,15250,9.8
511,16.093567251461987,26.614035087719298,171.0,7/7/22,26.2,20.25,14.3,24100,0.0
512,10.857142857142858,20.0,14.0,7/8/21,18.7,16.89,15.1,15250,29.0
513,18.39908256880734,28.55045871559633,218.0,7/8/22,26.9,21.35,15.8,24100,0.0
514,9.045454545454545,17.09090909090909,22.0,7/9/21,19.5,17.64,15.8,13050,0.0
515,13.292993630573248,25.713375796178344,157.0,7/9/22,23.9,18.54,13.2,24100,0.0
516,9.580645161290322,18.096774193548388,31.0,8/1/21,20.7,18.14,15.6,21700,0.0
517,15.157894736842104,21.973684210526315,38.0,8/10/21,28.3,25.85,23.4,20100,1.0
518,11.27027027027027,19.135135135135137,37.0,8/11/21,32.0,27.15,22.3,14450,0.4
519,9.166666666666666,16.52777777777778,36.0,8/12/21,30.1,25.95,21.8,24100,1.2
520,13.73076923076923,21.51923076923077,52.0,8/13/21,30.1,24.85,19.6,20100,0.0
521,18.470588235294116,26.15686274509804,51.0,8/14/21,25.5,20.3,15.1,24100,0.0
522,25.129032258064516,33.225806451612904,31.0,8/15/21,23.5,18.35,13.2,24100,0.0
523,8.424242424242424,15.909090909090908,33.0,8/16/21,25.0,19.8,14.6,24100,0.0
524,9.673913043478262,16.82608695652174,46.0,8/17/21,27.4,24.15,20.9,32150,0.0
525,8.583333333333334,15.916666666666666,36.0,8/18/21,27.9,24.04,20.2,16100,0.6
526,13.232558139534884,21.372093023255815,43.0,8/19/21,31.4,25.85,20.3,24100,0.0
527,15.434782608695652,23.608695652173914,23.0,8/2/21,24.9,19.0,13.1,24100,0.0
528,10.148936170212766,18.80851063829787,47.0,8/20/21,30.6,24.7,18.8,21700,0.0
529,12.720930232558139,20.88372093023256,43.0,8/21/21,29.9,26.2,22.5,21700,0.0
530,10.4375,17.53125,32.0,8/22/21,31.5,25.75,20.0,24100,0.0
531,16.57894736842105,24.263157894736842,38.0,8/23/21,32.3,26.75,21.2,24100,0.0
532,15.538461538461538,23.53846153846154,26.0,8/24/21,33.7,26.45,19.2,24100,0.0
533,8.5,15.76923076923077,26.0,8/25/21,31.9,27.25,22.6,24100,0.0
534,11.923076923076923,19.26923076923077,26.0,8/26/21,32.7,27.05,21.4,16900,6.4
535,18.638297872340427,27.70212765957447,47.0,8/27/21,26.6,23.35,20.1,52300,0.0
536,9.228571428571428,16.02857142857143,35.0,8/28/21,27.8,23.4,19.0,13250,23.6
537,11.411764705882353,19.294117647058822,17.0,8/29/21,31.5,26.55,21.6,16100,3.2
538,10.933333333333334,19.766666666666666,30.0,8/3/21,27.3,20.45,13.6,24100,0.0
539,11.789473684210526,19.473684210526315,38.0,8/30/21,29.1,23.35,17.6,24100,0.0
540,13.515151515151516,20.757575757575758,33.0,8/31/21,25.6,21.1,16.6,24100,0.0
541,13.551724137931034,21.551724137931036,29.0,8/4/21,27.4,21.5,15.6,24100,0.0
542,25.52777777777778,33.361111111111114,36.0,8/5/21,27.8,21.3,14.8,21700,0.0
543,9.826086956521738,17.347826086956523,46.0,8/6/21,29.3,23.6,17.9,24100,0.0
544,10.48076923076923,19.03846153846154,52.0,8/7/21,27.9,23.7,19.5,18500,20.4
545,57.470588235294116,65.44117647058823,34.0,8/8/21,28.0,23.35,18.7,15250,0.6
546,17.444444444444443,25.74074074074074,54.0,8/9/21,30.9,26.45,22.0,16900,0.0
547,17.7734375,32.8984375,128.0,9/1/21,24.2,19.85,15.5,24100,0.0
548,18.786324786324787,39.60683760683761,117.0,9/10/21,23.8,17.89,12.0,24100,0.0
549,24.24,36.31,100.0,9/11/21,26.1,19.45,12.8,24100,0.0
550,18.72151898734177,33.78481012658228,79.0,9/12/21,23.7,19.8,15.9,21700,3.0
551,20.614035087719298,34.771929824561404,114.0,9/13/21,23.7,17.89,12.1,24100,0.0
552,28.05109489051095,33.81021897810219,137.0,9/14/21,27.9,21.95,16.0,16900,25.2
553,20.891666666666666,33.375,120.0,9/15/21,21.9,18.54,15.2,24100,0.0
554,20.285714285714285,32.57983193277311,119.0,9/16/21,22.6,18.0,13.4,24100,0.0
555,19.774436090225564,36.07518796992481,133.0,9/17/21,26.0,19.8,13.6,20100,0.0
556,64.94117647058823,80.40196078431373,102.0,9/18/21,23.5,17.95,12.4,21700,0.0
557,23.154929577464788,37.88732394366197,71.0,9/19/21,20.9,15.64,10.4,24100,0.0
558,24.062937062937063,39.48251748251748,143.0,9/2/21,21.5,16.89,12.3,24100,0.0
559,34.554545454545455,49.154545454545456,110.0,9/20/21,23.3,16.75,10.2,24100,0.0
560,16.920353982300885,32.06194690265487,113.0,9/21/21,25.3,22.2,19.1,15250,4.8
561,18.85611510791367,32.82014388489208,139.0,9/22/21,19.4,15.75,12.1,10050,56.0
562,15.669724770642201,29.63302752293578,109.0,9/23/21,19.3,15.65,12.0,20100,1.8
563,19.488372093023255,35.29457364341085,129.0,9/24/21,16.8,13.75,10.7,24100,0.0
564,26.47826086956522,40.530434782608694,115.0,9/25/21,21.0,14.8,8.6,20100,4.6
565,17.752688172043012,34.10752688172043,93.0,9/26/21,20.5,13.7,6.9,20100,3.0
566,20.084745762711865,33.90677966101695,118.0,9/27/21,24.3,19.25,14.2,16900,1.0
567,18.138686131386862,31.343065693430656,137.0,9/28/21,16.9,12.95,9.0,24100,0.0
568,20.20967741935484,34.00806451612903,124.0,9/29/21,20.5,14.65,8.8,24100,0.0
569,31.74820143884892,46.0,139.0,9/3/21,23.7,17.95,12.2,24100,0.0
570,21.913385826771652,37.661417322834644,127.0,9/30/21,15.4,12.45,9.5,24100,0.0
571,19.396396396396398,35.47747747747748,111.0,9/4/21,24.3,19.2,14.1,24100,4.8
572,23.806818181818183,38.21590909090909,88.0,9/5/21,26.2,20.8,15.4,21700,2.2
573,17.080645161290324,31.20967741935484,62.0,9/6/21,23.4,18.45,13.5,21700,3.8
574,21.336633663366335,34.603960396039604,101.0,9/7/21,26.0,19.25,12.5,13650,28.2
575,19.19327731092437,34.529411764705884,119.0,9/8/21,25.6,20.0,14.4,14450,19.6
576,25.671875,39.46875,128.0,9/9/21,21.5,17.2,12.9,24100,0.0
