,Date,delay_count
0,2014-01-01,125.0
1,2014-01-02,463.0
2,2014-01-03,525.0
3,2014-01-04,225.0
4,2014-01-05,97.0
5,2014-01-06,422.0
6,2014-01-07,622.0
7,2014-01-08,453.0
8,2014-01-09,383.0
9,2014-01-10,379.0
10,2014-01-11,158.0
11,2014-01-12,93.0
12,2014-01-13,316.0
13,2014-01-14,332.0
14,2014-01-15,248.0
15,2014-01-16,245.0
16,2014-01-17,258.0
17,2014-01-18,136.0
18,2014-01-19,100.0
19,2014-01-20,315.0
20,2014-01-21,451.0
21,2014-01-22,369.0
22,2014-01-23,352.0
23,2014-01-24,411.0
24,2014-01-25,146.0
25,2014-01-26,236.0
26,2014-01-27,431.0
27,2014-01-28,543.0
28,2014-01-29,396.0
29,2014-01-30,353.0
30,2014-01-31,239.0
31,2014-02-01,237.0
32,2014-02-02,116.0
33,2014-02-03,325.0
34,2014-02-04,309.0
35,2014-02-05,481.0
36,2014-02-06,478.0
37,2014-02-07,405.0
38,2014-02-08,207.0
39,2014-02-09,149.0
40,2014-02-10,375.0
41,2014-02-11,348.0
42,2014-02-12,364.0
43,2014-02-13,341.0
44,2014-02-14,286.0
45,2014-02-15,141.0
46,2014-02-16,151.0
47,2014-02-17,99.0
48,2014-02-18,385.0
49,2014-02-19,293.0
50,2014-02-20,390.0
51,2014-02-21,390.0
52,2014-02-22,138.0
53,2014-02-23,106.0
54,2014-02-24,306.0
55,2014-02-25,292.0
56,2014-02-26,303.0
57,2014-02-27,323.0
58,2014-02-28,377.0
59,2014-03-01,193.0
60,2014-03-02,156.0
61,2014-03-03,429.0
62,2014-03-04,343.0
63,2014-03-05,311.0
64,2014-03-06,354.0
65,2014-03-07,293.0
66,2014-03-08,139.0
67,2014-03-09,111.0
68,2014-03-10,281.0
69,2014-03-11,268.0
70,2014-03-12,470.0
71,2014-03-13,578.0
72,2014-03-14,299.0
73,2014-03-15,163.0
74,2014-03-16,131.0
75,2014-03-17,294.0
76,2014-03-18,244.0
77,2014-03-19,283.0
78,2014-03-20,264.0
79,2014-03-21,231.0
80,2014-03-22,143.0
81,2014-03-23,188.0
82,2014-03-24,299.0
83,2014-03-25,256.0
84,2014-03-26,261.0
85,2014-03-27,308.0
86,2014-03-28,295.0
87,2014-03-29,128.0
88,2014-03-30,107.0
89,2014-03-31,307.0
90,2014-04-01,259.0
91,2014-04-02,298.0
92,2014-04-03,291.0
93,2014-04-04,288.0
94,2014-04-05,131.0
95,2014-04-06,119.0
96,2014-04-07,277.0
97,2014-04-08,397.0
98,2014-04-09,342.0
99,2014-04-10,356.0
100,2014-04-11,439.0
101,2014-04-12,154.0
102,2014-04-13,122.0
103,2014-04-14,344.0
104,2014-04-15,333.0
105,2014-04-16,334.0
106,2014-04-17,312.0
107,2014-04-18,104.0
108,2014-04-19,143.0
109,2014-04-20,111.0
110,2014-04-21,236.0
111,2014-04-22,288.0
112,2014-04-23,303.0
113,2014-04-24,311.0
114,2014-04-25,281.0
115,2014-04-26,154.0
116,2014-04-27,125.0
117,2014-04-28,359.0
118,2014-04-29,350.0
119,2014-04-30,320.0
120,2014-05-01,329.0
121,2014-05-02,378.0
122,2014-05-03,133.0
123,2014-05-04,126.0
124,2014-05-05,231.0
125,2014-05-06,316.0
126,2014-05-07,244.0
127,2014-05-08,315.0
128,2014-05-09,306.0
129,2014-05-10,135.0
130,2014-05-11,157.0
131,2014-05-12,249.0
132,2014-05-13,256.0
133,2014-05-14,345.0
134,2014-05-15,333.0
135,2014-05-16,295.0
136,2014-05-17,147.0
137,2014-05-18,103.0
138,2014-05-19,103.0
139,2014-05-20,312.0
140,2014-05-21,290.0
141,2014-05-22,328.0
142,2014-05-23,302.0
143,2014-05-24,152.0
144,2014-05-25,152.0
145,2014-05-26,352.0
146,2014-05-27,424.0
147,2014-05-28,307.0
148,2014-05-29,332.0
149,2014-05-30,416.0
150,2014-05-31,162.0
151,2014-06-01,145.0
152,2014-06-02,309.0
153,2014-06-03,359.0
154,2014-06-04,322.0
155,2014-06-05,326.0
156,2014-06-06,296.0
157,2014-06-07,184.0
158,2014-06-08,95.0
159,2014-06-09,296.0
160,2014-06-10,347.0
161,2014-06-11,289.0
162,2014-06-12,367.0
163,2014-06-13,292.0
164,2014-06-14,145.0
165,2014-06-15,131.0
166,2014-06-16,297.0
167,2014-06-17,333.0
168,2014-06-18,302.0
169,2014-06-19,284.0
170,2014-06-20,265.0
171,2014-06-21,167.0
172,2014-06-22,117.0
173,2014-06-23,248.0
174,2014-06-24,342.0
175,2014-06-25,304.0
176,2014-06-26,404.0
177,2014-06-27,318.0
178,2014-06-28,179.0
179,2014-06-29,129.0
180,2014-06-30,242.0
181,2014-07-01,108.0
182,2014-07-02,275.0
183,2014-07-03,245.0
184,2014-07-04,308.0
185,2014-07-05,155.0
186,2014-07-06,109.0
187,2014-07-07,245.0
188,2014-07-08,285.0
189,2014-07-09,261.0
190,2014-07-10,227.0
191,2014-07-11,221.0
192,2014-07-12,137.0
193,2014-07-13,150.0
194,2014-07-14,252.0
195,2014-07-15,304.0
196,2014-07-16,223.0
197,2014-07-17,254.0
198,2014-07-18,230.0
199,2014-07-19,152.0
200,2014-07-20,114.0
201,2014-07-21,236.0
202,2014-07-22,261.0
203,2014-07-23,238.0
204,2014-07-24,213.0
205,2014-07-25,206.0
206,2014-07-26,127.0
207,2014-07-27,146.0
208,2014-07-28,226.0
209,2014-07-29,232.0
210,2014-07-30,269.0
211,2014-07-31,252.0
212,2014-08-01,263.0
213,2014-08-02,142.0
214,2014-08-03,142.0
215,2014-08-04,110.0
216,2014-08-05,365.0
217,2014-08-06,343.0
218,2014-08-07,236.0
219,2014-08-08,210.0
220,2014-08-09,139.0
221,2014-08-10,141.0
222,2014-08-11,225.0
223,2014-08-12,228.0
224,2014-08-13,264.0
225,2014-08-14,239.0
226,2014-08-15,256.0
227,2014-08-16,131.0
228,2014-08-17,96.0
229,2014-08-18,285.0
230,2014-08-19,219.0
231,2014-08-20,257.0
232,2014-08-21,284.0
233,2014-08-22,215.0
234,2014-08-23,110.0
235,2014-08-24,143.0
236,2014-08-25,299.0
237,2014-08-26,264.0
238,2014-08-27,251.0
239,2014-08-28,279.0
240,2014-08-29,198.0
241,2014-08-30,142.0
242,2014-08-31,178.0
243,2014-09-01,94.0
244,2014-09-02,360.0
245,2014-09-03,358.0
246,2014-09-04,407.0
247,2014-09-05,392.0
248,2014-09-06,182.0
249,2014-09-07,147.0
250,2014-09-08,383.0
251,2014-09-09,323.0
252,2014-09-10,346.0
253,2014-09-11,333.0
254,2014-09-12,290.0
255,2014-09-13,151.0
256,2014-09-14,168.0
257,2014-09-15,359.0
258,2014-09-16,314.0
259,2014-09-17,416.0
260,2014-09-18,361.0
261,2014-09-19,342.0
262,2014-09-20,180.0
263,2014-09-21,102.0
264,2014-09-22,312.0
265,2014-09-23,343.0
266,2014-09-24,323.0
267,2014-09-25,391.0
268,2014-09-26,284.0
269,2014-09-27,138.0
270,2014-09-28,124.0
271,2014-09-29,309.0
272,2014-09-30,514.0
273,2014-10-01,318.0
274,2014-10-02,322.0
275,2014-10-03,361.0
276,2014-10-04,149.0
277,2014-10-05,110.0
278,2014-10-06,289.0
279,2014-10-07,401.0
280,2014-10-08,317.0
281,2014-10-09,315.0
282,2014-10-10,267.0
283,2014-10-11,146.0
284,2014-10-12,121.0
285,2014-10-13,81.0
286,2014-10-14,315.0
287,2014-10-15,308.0
288,2014-10-16,373.0
289,2014-10-17,298.0
290,2014-10-18,139.0
291,2014-10-19,107.0
292,2014-10-20,326.0
293,2014-10-21,269.0
294,2014-10-22,293.0
295,2014-10-23,311.0
296,2014-10-24,318.0
297,2014-10-25,136.0
298,2014-10-26,126.0
299,2014-10-27,302.0
300,2014-10-28,332.0
301,2014-10-29,254.0
302,2014-10-30,280.0
303,2014-10-31,295.0
304,2014-11-01,134.0
305,2014-11-02,131.0
306,2014-11-03,272.0
307,2014-11-04,304.0
308,2014-11-05,313.0
309,2014-11-06,240.0
310,2014-11-07,235.0
311,2014-11-08,144.0
312,2014-11-09,114.0
313,2014-11-10,418.0
314,2014-11-11,314.0
315,2014-11-12,287.0
316,2014-11-13,276.0
317,2014-11-14,297.0
318,2014-11-15,122.0
319,2014-11-16,120.0
320,2014-11-17,301.0
321,2014-11-18,484.0
322,2014-11-19,395.0
323,2014-11-20,351.0
324,2014-11-21,342.0
325,2014-11-22,151.0
326,2014-11-23,130.0
327,2014-11-24,372.0
328,2014-11-25,292.0
329,2014-11-26,302.0
330,2014-11-27,281.0
331,2014-11-28,289.0
332,2014-11-29,139.0
333,2014-11-30,139.0
334,2014-12-01,283.0
335,2014-12-02,325.0
336,2014-12-03,236.0
337,2014-12-04,233.0
338,2014-12-05,241.0
339,2014-12-06,128.0
340,2014-12-07,114.0
341,2014-12-08,206.0
342,2014-12-09,201.0
343,2014-12-10,329.0
344,2014-12-11,599.0
345,2014-12-12,470.0
346,2014-12-13,154.0
347,2014-12-14,96.0
348,2014-12-15,243.0
349,2014-12-16,247.0
350,2014-12-17,314.0
351,2014-12-18,253.0
352,2014-12-19,215.0
353,2014-12-20,134.0
354,2014-12-21,95.0
355,2014-12-22,197.0
356,2014-12-23,189.0
357,2014-12-24,177.0
358,2014-12-25,53.0
359,2014-12-26,78.0
360,2014-12-27,109.0
361,2014-12-28,117.0
362,2014-12-29,182.0
363,2014-12-30,194.0
364,2014-12-31,267.0
0,2015-01-01,72.0
1,2015-01-02,181.0
2,2015-01-03,176.0
3,2015-01-04,136.0
4,2015-01-05,274.0
5,2015-01-06,258.0
6,2015-01-07,346.0
7,2015-01-08,266.0
8,2015-01-09,321.0
9,2015-01-10,145.0
10,2015-01-11,87.0
11,2015-01-12,225.0
12,2015-01-13,295.0
13,2015-01-14,269.0
14,2015-01-15,221.0
15,2015-01-16,242.0
16,2015-01-17,114.0
17,2015-01-18,75.0
18,2015-01-19,319.0
19,2015-01-20,221.0
20,2015-01-21,256.0
21,2015-01-22,251.0
22,2015-01-23,184.0
23,2015-01-24,110.0
24,2015-01-25,99.0
25,2015-01-26,297.0
26,2015-01-27,227.0
27,2015-01-28,239.0
28,2015-01-29,304.0
29,2015-01-30,304.0
30,2015-01-31,143.0
31,2015-02-01,111.0
32,2015-02-02,486.0
33,2015-02-03,417.0
34,2015-02-04,341.0
35,2015-02-05,343.0
36,2015-02-06,273.0
37,2015-02-07,220.0
38,2015-02-08,182.0
39,2015-02-09,307.0
40,2015-02-10,280.0
41,2015-02-11,299.0
42,2015-02-12,279.0
43,2015-02-13,312.0
44,2015-02-14,152.0
45,2015-02-15,169.0
46,2015-02-16,179.0
47,2015-02-17,393.0
48,2015-02-18,350.0
49,2015-02-19,281.0
50,2015-02-20,349.0
51,2015-02-21,354.0
52,2015-02-22,179.0
53,2015-02-23,457.0
54,2015-02-24,394.0
55,2015-02-25,262.0
56,2015-02-26,266.0
57,2015-02-27,324.0
58,2015-02-28,154.0
59,2015-03-01,119.0
60,2015-03-02,261.0
61,2015-03-03,411.0
62,2015-03-04,403.0
63,2015-03-05,257.0
64,2015-03-06,243.0
65,2015-03-07,131.0
66,2015-03-08,91.0
67,2015-03-09,246.0
68,2015-03-10,209.0
69,2015-03-11,234.0
70,2015-03-12,216.0
71,2015-03-13,186.0
72,2015-03-14,121.0
73,2015-03-15,112.0
74,2015-03-16,284.0
75,2015-03-17,193.0
76,2015-03-18,200.0
77,2015-03-19,179.0
78,2015-03-20,203.0
79,2015-03-21,104.0
80,2015-03-22,173.0
81,2015-03-23,225.0
82,2015-03-24,368.0
83,2015-03-25,239.0
84,2015-03-26,185.0
85,2015-03-27,187.0
86,2015-03-28,101.0
87,2015-03-29,96.0
88,2015-03-30,222.0
89,2015-03-31,172.0
90,2015-04-01,248.0
91,2015-04-02,265.0
92,2015-04-03,74.0
93,2015-04-04,115.0
94,2015-04-05,63.0
95,2015-04-06,182.0
96,2015-04-07,263.0
97,2015-04-08,257.0
98,2015-04-09,257.0
99,2015-04-10,296.0
100,2015-04-11,132.0
101,2015-04-12,167.0
102,2015-04-13,262.0
103,2015-04-14,274.0
104,2015-04-15,238.0
105,2015-04-16,259.0
106,2015-04-17,261.0
107,2015-04-18,154.0
108,2015-04-19,114.0
109,2015-04-20,288.0
110,2015-04-21,206.0
111,2015-04-22,176.0
112,2015-04-23,225.0
113,2015-04-24,193.0
114,2015-04-25,164.0
115,2015-04-26,96.0
116,2015-04-27,187.0
117,2015-04-28,281.0
118,2015-04-29,268.0
119,2015-04-30,275.0
120,2015-05-01,301.0
121,2015-05-02,143.0
122,2015-05-03,116.0
123,2015-05-04,247.0
124,2015-05-05,194.0
125,2015-05-06,209.0
126,2015-05-07,290.0
127,2015-05-08,264.0
128,2015-05-09,208.0
129,2015-05-10,149.0
130,2015-05-11,252.0
131,2015-05-12,295.0
132,2015-05-13,283.0
133,2015-05-14,247.0
134,2015-05-15,202.0
135,2015-05-16,131.0
136,2015-05-17,111.0
137,2015-05-18,85.0
138,2015-05-19,252.0
139,2015-05-20,244.0
140,2015-05-21,247.0
141,2015-05-22,230.0
142,2015-05-23,190.0
143,2015-05-24,152.0
144,2015-05-25,228.0
145,2015-05-26,294.0
146,2015-05-27,273.0
147,2015-05-28,250.0
148,2015-05-29,294.0
149,2015-05-30,201.0
150,2015-05-31,184.0
151,2015-06-01,258.0
152,2015-06-02,241.0
153,2015-06-03,271.0
154,2015-06-04,248.0
155,2015-06-05,332.0
156,2015-06-06,156.0
157,2015-06-07,162.0
158,2015-06-08,304.0
159,2015-06-09,247.0
160,2015-06-10,255.0
161,2015-06-11,266.0
162,2015-06-12,307.0
163,2015-06-13,153.0
164,2015-06-14,104.0
165,2015-06-15,317.0
166,2015-06-16,285.0
167,2015-06-17,227.0
168,2015-06-18,216.0
169,2015-06-19,215.0
170,2015-06-20,136.0
171,2015-06-21,102.0
172,2015-06-22,319.0
173,2015-06-23,240.0
174,2015-06-24,186.0
175,2015-06-25,200.0
176,2015-06-26,165.0
177,2015-06-27,186.0
178,2015-06-28,150.0
179,2015-06-29,225.0
180,2015-06-30,220.0
181,2015-07-01,104.0
182,2015-07-02,217.0
183,2015-07-03,215.0
184,2015-07-04,144.0
185,2015-07-05,94.0
186,2015-07-06,206.0
187,2015-07-07,217.0
188,2015-07-08,239.0
189,2015-07-09,251.0
190,2015-07-10,254.0
191,2015-07-11,129.0
192,2015-07-12,114.0
193,2015-07-13,236.0
194,2015-07-14,259.0
195,2015-07-15,205.0
196,2015-07-16,208.0
197,2015-07-17,179.0
198,2015-07-18,178.0
199,2015-07-19,120.0
200,2015-07-20,241.0
201,2015-07-21,216.0
202,2015-07-22,205.0
203,2015-07-23,251.0
204,2015-07-24,208.0
205,2015-07-25,173.0
206,2015-07-26,118.0
207,2015-07-27,205.0
208,2015-07-28,255.0
209,2015-07-29,227.0
210,2015-07-30,223.0
211,2015-07-31,213.0
212,2015-08-01,137.0
213,2015-08-02,106.0
214,2015-08-03,82.0
215,2015-08-04,176.0
216,2015-08-05,161.0
217,2015-08-06,187.0
218,2015-08-07,172.0
219,2015-08-08,127.0
220,2015-08-09,99.0
221,2015-08-10,272.0
222,2015-08-11,186.0
223,2015-08-12,177.0
224,2015-08-13,174.0
225,2015-08-14,178.0
226,2015-08-15,136.0
227,2015-08-16,115.0
228,2015-08-17,215.0
229,2015-08-18,154.0
230,2015-08-19,163.0
231,2015-08-20,202.0
232,2015-08-21,173.0
233,2015-08-22,140.0
234,2015-08-23,125.0
235,2015-08-24,157.0
236,2015-08-25,152.0
237,2015-08-26,164.0
238,2015-08-27,164.0
239,2015-08-28,207.0
240,2015-08-29,111.0
241,2015-08-30,91.0
242,2015-08-31,240.0
243,2015-09-01,215.0
244,2015-09-02,229.0
245,2015-09-03,265.0
246,2015-09-04,242.0
247,2015-09-05,142.0
248,2015-09-06,104.0
249,2015-09-07,114.0
250,2015-09-08,233.0
251,2015-09-09,277.0
252,2015-09-10,300.0
253,2015-09-11,256.0
254,2015-09-12,118.0
255,2015-09-13,146.0
256,2015-09-14,197.0
257,2015-09-15,226.0
258,2015-09-16,225.0
259,2015-09-17,247.0
260,2015-09-18,256.0
261,2015-09-19,170.0
262,2015-09-20,103.0
263,2015-09-21,197.0
264,2015-09-22,260.0
265,2015-09-23,229.0
266,2015-09-24,296.0
267,2015-09-25,229.0
268,2015-09-26,148.0
269,2015-09-27,96.0
270,2015-09-28,222.0
271,2015-09-29,285.0
272,2015-09-30,359.0
273,2015-10-01,307.0
274,2015-10-02,299.0
275,2015-10-03,143.0
276,2015-10-04,121.0
277,2015-10-05,236.0
278,2015-10-06,213.0
279,2015-10-07,204.0
280,2015-10-08,253.0
281,2015-10-09,203.0
282,2015-10-10,134.0
283,2015-10-11,84.0
284,2015-10-12,91.0
285,2015-10-13,216.0
286,2015-10-14,232.0
287,2015-10-15,264.0
288,2015-10-16,238.0
289,2015-10-17,164.0
290,2015-10-18,155.0
291,2015-10-19,285.0
292,2015-10-20,232.0
293,2015-10-21,237.0
294,2015-10-22,247.0
295,2015-10-23,273.0
296,2015-10-24,152.0
297,2015-10-25,110.0
298,2015-10-26,228.0
299,2015-10-27,301.0
300,2015-10-28,372.0
301,2015-10-29,257.0
302,2015-10-30,294.0
303,2015-10-31,180.0
304,2015-11-01,95.0
305,2015-11-02,263.0
306,2015-11-03,235.0
307,2015-11-04,274.0
308,2015-11-05,197.0
309,2015-11-06,240.0
310,2015-11-07,115.0
311,2015-11-08,150.0
312,2015-11-09,224.0
313,2015-11-10,276.0
314,2015-11-11,230.0
315,2015-11-12,194.0
316,2015-11-13,202.0
317,2015-11-14,138.0
318,2015-11-15,130.0
319,2015-11-16,220.0
320,2015-11-17,177.0
321,2015-11-18,220.0
322,2015-11-19,209.0
323,2015-11-20,225.0
324,2015-11-21,134.0
325,2015-11-22,102.0
326,2015-11-23,235.0
327,2015-11-24,308.0
328,2015-11-25,207.0
329,2015-11-26,225.0
330,2015-11-27,264.0
331,2015-11-28,146.0
332,2015-11-29,92.0
333,2015-11-30,187.0
334,2015-12-01,243.0
335,2015-12-02,204.0
336,2015-12-03,204.0
337,2015-12-04,208.0
338,2015-12-05,138.0
339,2015-12-06,106.0
340,2015-12-07,258.0
341,2015-12-08,180.0
342,2015-12-09,204.0
343,2015-12-10,183.0
344,2015-12-11,260.0
345,2015-12-12,126.0
346,2015-12-13,83.0
347,2015-12-14,187.0
348,2015-12-15,305.0
349,2015-12-16,234.0
350,2015-12-17,192.0
351,2015-12-18,183.0
352,2015-12-19,121.0
353,2015-12-20,74.0
354,2015-12-21,179.0
355,2015-12-22,184.0
356,2015-12-23,172.0
357,2015-12-24,149.0
358,2015-12-25,65.0
359,2015-12-26,92.0
360,2015-12-27,73.0
361,2015-12-28,228.0
362,2015-12-29,296.0
363,2015-12-30,212.0
364,2015-12-31,181.0
1,2016-01-01,101.0
2,2016-01-02,85.0
3,2016-01-03,81.0
4,2016-01-04,284.0
5,2016-01-05,208.0
6,2016-01-06,182.0
7,2016-01-07,189.0
8,2016-01-08,183.0
9,2016-01-09,107.0
10,2016-01-10,137.0
11,2016-01-11,291.0
12,2016-01-12,325.0
13,2016-01-13,236.0
14,2016-01-14,230.0
15,2016-01-15,196.0
16,2016-01-16,94.0
17,2016-01-17,87.0
18,2016-01-18,238.0
19,2016-01-19,224.0
20,2016-01-20,171.0
21,2016-01-21,173.0
22,2016-01-22,190.0
23,2016-01-23,151.0
24,2016-01-24,85.0
25,2016-01-25,156.0
26,2016-01-26,165.0
27,2016-01-27,179.0
28,2016-01-28,183.0
29,2016-01-29,172.0
30,2016-01-30,122.0
31,2016-01-31,98.0
32,2016-02-01,197.0
33,2016-02-02,172.0
34,2016-02-03,264.0
35,2016-02-04,293.0
36,2016-02-05,196.0
37,2016-02-06,122.0
38,2016-02-07,91.0
39,2016-02-08,169.0
40,2016-02-09,235.0
41,2016-02-10,218.0
42,2016-02-11,239.0
43,2016-02-12,173.0
44,2016-02-13,198.0
45,2016-02-14,161.0
46,2016-02-15,92.0
47,2016-02-16,308.0
48,2016-02-17,222.0
49,2016-02-18,229.0
50,2016-02-19,172.0
51,2016-02-20,134.0
52,2016-02-21,94.0
53,2016-02-22,216.0
54,2016-02-23,165.0
55,2016-02-24,237.0
56,2016-02-25,205.0
57,2016-02-26,229.0
58,2016-02-27,128.0
59,2016-02-28,134.0
60,2016-02-29,173.0
61,2016-03-01,386.0
62,2016-03-02,365.0
63,2016-03-03,239.0
64,2016-03-04,287.0
65,2016-03-05,155.0
66,2016-03-06,114.0
67,2016-03-07,180.0
68,2016-03-08,160.0
69,2016-03-09,194.0
70,2016-03-10,169.0
71,2016-03-11,205.0
72,2016-03-12,143.0
73,2016-03-13,150.0
74,2016-03-14,199.0
75,2016-03-15,187.0
76,2016-03-16,268.0
77,2016-03-17,214.0
78,2016-03-18,220.0
79,2016-03-19,137.0
80,2016-03-20,111.0
81,2016-03-21,188.0
82,2016-03-22,184.0
83,2016-03-23,170.0
84,2016-03-24,330.0
85,2016-03-25,107.0
86,2016-03-26,155.0
87,2016-03-27,99.0
88,2016-03-28,142.0
89,2016-03-29,207.0
90,2016-03-30,358.0
91,2016-03-31,289.0
92,2016-04-01,313.0
93,2016-04-02,130.0
94,2016-04-03,183.0
95,2016-04-04,324.0
96,2016-04-05,211.0
97,2016-04-06,200.0
98,2016-04-07,150.0
99,2016-04-08,228.0
100,2016-04-09,125.0
101,2016-04-10,107.0
102,2016-04-11,177.0
103,2016-04-12,198.0
104,2016-04-13,212.0
105,2016-04-14,198.0
106,2016-04-15,224.0
107,2016-04-16,165.0
108,2016-04-17,168.0
109,2016-04-18,216.0
110,2016-04-19,202.0
111,2016-04-20,240.0
112,2016-04-21,253.0
113,2016-04-22,259.0
114,2016-04-23,131.0
115,2016-04-24,110.0
116,2016-04-25,182.0
117,2016-04-26,202.0
118,2016-04-27,243.0
119,2016-04-28,205.0
120,2016-04-29,198.0
121,2016-04-30,149.0
122,2016-05-01,152.0
123,2016-05-02,164.0
124,2016-05-03,204.0
125,2016-05-04,172.0
126,2016-05-05,180.0
127,2016-05-06,273.0
128,2016-05-07,169.0
129,2016-05-08,158.0
130,2016-05-09,159.0
131,2016-05-10,191.0
132,2016-05-11,183.0
133,2016-05-12,195.0
134,2016-05-13,225.0
135,2016-05-14,153.0
136,2016-05-15,158.0
137,2016-05-16,229.0
138,2016-05-17,293.0
139,2016-05-18,252.0
140,2016-05-19,309.0
141,2016-05-20,292.0
142,2016-05-21,90.0
143,2016-05-22,104.0
144,2016-05-23,99.0
145,2016-05-24,236.0
146,2016-05-25,303.0
147,2016-05-26,211.0
148,2016-05-27,271.0
149,2016-05-28,204.0
150,2016-05-29,134.0
151,2016-05-30,265.0
152,2016-05-31,278.0
153,2016-06-01,369.0
154,2016-06-02,259.0
155,2016-06-03,244.0
156,2016-06-04,203.0
157,2016-06-05,142.0
158,2016-06-06,213.0
159,2016-06-07,201.0
160,2016-06-08,211.0
161,2016-06-09,200.0
162,2016-06-10,235.0
163,2016-06-11,164.0
164,2016-06-12,121.0
165,2016-06-13,209.0
166,2016-06-14,199.0
167,2016-06-15,240.0
168,2016-06-16,200.0
169,2016-06-17,236.0
170,2016-06-18,154.0
171,2016-06-19,129.0
172,2016-06-20,253.0
173,2016-06-21,198.0
174,2016-06-22,211.0
175,2016-06-23,226.0
176,2016-06-24,229.0
177,2016-06-25,142.0
178,2016-06-26,140.0
179,2016-06-27,283.0
180,2016-06-28,232.0
181,2016-06-29,243.0
182,2016-06-30,240.0
183,2016-07-01,126.0
184,2016-07-02,131.0
185,2016-07-03,103.0
186,2016-07-04,224.0
187,2016-07-05,229.0
188,2016-07-06,263.0
189,2016-07-07,252.0
190,2016-07-08,264.0
191,2016-07-09,171.0
192,2016-07-10,131.0
193,2016-07-11,215.0
194,2016-07-12,277.0
195,2016-07-13,328.0
196,2016-07-14,356.0
197,2016-07-15,264.0
198,2016-07-16,126.0
199,2016-07-17,92.0
200,2016-07-18,266.0
201,2016-07-19,318.0
202,2016-07-20,240.0
203,2016-07-21,253.0
204,2016-07-22,278.0
205,2016-07-23,189.0
206,2016-07-24,132.0
207,2016-07-25,315.0
208,2016-07-26,293.0
209,2016-07-27,285.0
210,2016-07-28,269.0
211,2016-07-29,283.0
212,2016-07-30,207.0
213,2016-07-31,118.0
214,2016-08-01,89.0
215,2016-08-02,249.0
216,2016-08-03,187.0
217,2016-08-04,254.0
218,2016-08-05,255.0
219,2016-08-06,129.0
220,2016-08-07,137.0
221,2016-08-08,242.0
222,2016-08-09,269.0
223,2016-08-10,239.0
224,2016-08-11,253.0
225,2016-08-12,310.0
226,2016-08-13,201.0
227,2016-08-14,123.0
228,2016-08-15,213.0
229,2016-08-16,265.0
230,2016-08-17,219.0
231,2016-08-18,249.0
232,2016-08-19,228.0
233,2016-08-20,180.0
234,2016-08-21,155.0
235,2016-08-22,272.0
236,2016-08-23,192.0
237,2016-08-24,218.0
238,2016-08-25,260.0
239,2016-08-26,248.0
240,2016-08-27,198.0
241,2016-08-28,127.0
242,2016-08-29,209.0
243,2016-08-30,273.0
244,2016-08-31,214.0
245,2016-09-01,188.0
246,2016-09-02,308.0
247,2016-09-03,144.0
248,2016-09-04,113.0
249,2016-09-05,131.0
250,2016-09-06,245.0
251,2016-09-07,335.0
252,2016-09-08,313.0
253,2016-09-09,262.0
254,2016-09-10,130.0
255,2016-09-11,120.0
256,2016-09-12,234.0
257,2016-09-13,251.0
258,2016-09-14,259.0
259,2016-09-15,259.0
260,2016-09-16,270.0
261,2016-09-17,169.0
262,2016-09-18,137.0
263,2016-09-19,241.0
264,2016-09-20,273.0
265,2016-09-21,268.0
266,2016-09-22,250.0
267,2016-09-23,272.0
268,2016-09-24,229.0
269,2016-09-25,112.0
270,2016-09-26,230.0
271,2016-09-27,291.0
272,2016-09-28,256.0
273,2016-09-29,214.0
274,2016-09-30,293.0
275,2016-10-01,142.0
276,2016-10-02,132.0
277,2016-10-03,252.0
278,2016-10-04,186.0
279,2016-10-05,248.0
280,2016-10-06,279.0
281,2016-10-07,329.0
282,2016-10-08,149.0
283,2016-10-09,120.0
284,2016-10-10,76.0
285,2016-10-11,336.0
286,2016-10-12,307.0
287,2016-10-13,324.0
288,2016-10-14,295.0
289,2016-10-15,158.0
290,2016-10-16,94.0
291,2016-10-17,218.0
292,2016-10-18,264.0
293,2016-10-19,332.0
294,2016-10-20,295.0
295,2016-10-21,304.0
296,2016-10-22,182.0
297,2016-10-23,130.0
298,2016-10-24,241.0
299,2016-10-25,275.0
300,2016-10-26,304.0
301,2016-10-27,349.0
302,2016-10-28,339.0
303,2016-10-29,133.0
304,2016-10-30,106.0
305,2016-10-31,302.0
306,2016-11-01,216.0
307,2016-11-02,284.0
308,2016-11-03,344.0
309,2016-11-04,234.0
310,2016-11-05,141.0
311,2016-11-06,123.0
312,2016-11-07,256.0
313,2016-11-08,271.0
314,2016-11-09,305.0
315,2016-11-10,240.0
316,2016-11-11,375.0
317,2016-11-12,131.0
318,2016-11-13,125.0
319,2016-11-14,262.0
320,2016-11-15,261.0
321,2016-11-16,231.0
322,2016-11-17,270.0
323,2016-11-18,239.0
324,2016-11-19,157.0
325,2016-11-20,160.0
326,2016-11-21,252.0
327,2016-11-22,239.0
328,2016-11-23,318.0
329,2016-11-24,218.0
330,2016-11-25,240.0
331,2016-11-26,152.0
332,2016-11-27,106.0
333,2016-11-28,257.0
334,2016-11-29,232.0
335,2016-11-30,239.0
336,2016-12-01,228.0
337,2016-12-02,263.0
338,2016-12-03,165.0
339,2016-12-04,109.0
340,2016-12-05,224.0
341,2016-12-06,314.0
342,2016-12-07,258.0
343,2016-12-08,207.0
344,2016-12-09,274.0
345,2016-12-10,162.0
346,2016-12-11,155.0
347,2016-12-12,369.0
348,2016-12-13,243.0
349,2016-12-14,265.0
350,2016-12-15,448.0
351,2016-12-16,370.0
352,2016-12-17,191.0
353,2016-12-18,173.0
354,2016-12-19,267.0
355,2016-12-20,244.0
356,2016-12-21,238.0
357,2016-12-22,248.0
358,2016-12-23,247.0
359,2016-12-24,139.0
360,2016-12-25,80.0
361,2016-12-26,202.0
362,2016-12-27,99.0
363,2016-12-28,204.0
364,2016-12-29,199.0
365,2016-12-30,165.0
366,2016-12-31,106.0
0,2017-01-01,137.0
1,2017-01-02,69.0
2,2017-01-03,175.0
3,2017-01-04,176.0
4,2017-01-05,169.0
5,2017-01-06,207.0
6,2017-01-07,112.0
7,2017-01-08,134.0
8,2017-01-09,223.0
9,2017-01-10,379.0
10,2017-01-11,215.0
11,2017-01-12,352.0
12,2017-01-13,195.0
13,2017-01-14,101.0
14,2017-01-15,77.0
15,2017-01-16,203.0
16,2017-01-17,175.0
17,2017-01-18,176.0
18,2017-01-19,185.0
19,2017-01-20,151.0
20,2017-01-21,106.0
21,2017-01-22,91.0
22,2017-01-23,162.0
23,2017-01-24,218.0
24,2017-01-25,166.0
25,2017-01-26,187.0
26,2017-01-27,171.0
27,2017-01-28,94.0
28,2017-01-29,86.0
29,2017-01-30,215.0
30,2017-01-31,187.0
31,2017-02-01,168.0
32,2017-02-02,155.0
33,2017-02-03,177.0
34,2017-02-04,124.0
35,2017-02-05,80.0
36,2017-02-06,168.0
37,2017-02-07,283.0
38,2017-02-08,182.0
39,2017-02-09,195.0
40,2017-02-10,316.0
41,2017-02-11,180.0
42,2017-02-12,202.0
43,2017-02-13,180.0
44,2017-02-14,202.0
45,2017-02-15,204.0
46,2017-02-16,232.0
47,2017-02-17,183.0
48,2017-02-18,128.0
49,2017-02-19,107.0
50,2017-02-20,80.0
51,2017-02-21,212.0
52,2017-02-22,218.0
53,2017-02-23,245.0
54,2017-02-24,215.0
55,2017-02-25,132.0
56,2017-02-26,124.0
57,2017-02-27,169.0
58,2017-02-28,275.0
59,2017-03-01,202.0
60,2017-03-02,168.0
61,2017-03-03,204.0
62,2017-03-04,116.0
63,2017-03-05,100.0
64,2017-03-06,150.0
65,2017-03-07,204.0
66,2017-03-08,160.0
67,2017-03-09,141.0
68,2017-03-10,162.0
69,2017-03-11,142.0
70,2017-03-12,104.0
71,2017-03-13,178.0
72,2017-03-14,191.0
73,2017-03-15,220.0
74,2017-03-16,167.0
75,2017-03-17,186.0
76,2017-03-18,102.0
77,2017-03-19,75.0
78,2017-03-20,162.0
79,2017-03-21,177.0
80,2017-03-22,163.0
81,2017-03-23,196.0
82,2017-03-24,203.0
83,2017-03-25,114.0
84,2017-03-26,78.0
85,2017-03-27,175.0
86,2017-03-28,163.0
87,2017-03-29,164.0
88,2017-03-30,193.0
89,2017-03-31,200.0
90,2017-04-01,120.0
91,2017-04-02,90.0
92,2017-04-03,155.0
93,2017-04-04,199.0
94,2017-04-05,202.0
95,2017-04-06,167.0
96,2017-04-07,203.0
97,2017-04-08,157.0
98,2017-04-09,86.0
99,2017-04-10,190.0
100,2017-04-11,193.0
101,2017-04-12,200.0
102,2017-04-13,220.0
103,2017-04-14,87.0
104,2017-04-15,99.0
105,2017-04-16,93.0
106,2017-04-17,159.0
107,2017-04-18,190.0
108,2017-04-19,181.0
109,2017-04-20,177.0
110,2017-04-21,292.0
111,2017-04-22,158.0
112,2017-04-23,110.0
113,2017-04-24,197.0
114,2017-04-25,164.0
115,2017-04-26,211.0
116,2017-04-27,257.0
117,2017-04-28,230.0
118,2017-04-29,141.0
119,2017-04-30,99.0
120,2017-05-01,315.0
121,2017-05-02,226.0
122,2017-05-03,218.0
123,2017-05-04,180.0
124,2017-05-05,248.0
125,2017-05-06,98.0
126,2017-05-07,132.0
127,2017-05-08,205.0
128,2017-05-09,181.0
129,2017-05-10,165.0
130,2017-05-11,182.0
131,2017-05-12,195.0
132,2017-05-13,135.0
133,2017-05-14,103.0
134,2017-05-15,243.0
135,2017-05-16,214.0
136,2017-05-17,295.0
137,2017-05-18,224.0
138,2017-05-19,210.0
139,2017-05-20,103.0
140,2017-05-21,112.0
141,2017-05-22,91.0
142,2017-05-23,222.0
143,2017-05-24,203.0
144,2017-05-25,325.0
145,2017-05-26,221.0
146,2017-05-27,130.0
147,2017-05-28,116.0
148,2017-05-29,176.0
149,2017-05-30,326.0
150,2017-05-31,216.0
151,2017-06-01,205.0
152,2017-06-02,205.0
153,2017-06-03,149.0
154,2017-06-04,112.0
155,2017-06-05,164.0
156,2017-06-06,202.0
157,2017-06-07,238.0
158,2017-06-08,186.0
159,2017-06-09,260.0
160,2017-06-10,146.0
161,2017-06-11,109.0
162,2017-06-12,219.0
163,2017-06-13,212.0
164,2017-06-14,198.0
165,2017-06-15,194.0
166,2017-06-16,247.0
167,2017-06-17,167.0
168,2017-06-18,133.0
169,2017-06-19,205.0
170,2017-06-20,234.0
171,2017-06-21,259.0
172,2017-06-22,235.0
173,2017-06-23,276.0
174,2017-06-24,133.0
175,2017-06-25,114.0
176,2017-06-26,202.0
177,2017-06-27,190.0
178,2017-06-28,263.0
179,2017-06-29,186.0
180,2017-06-30,214.0
181,2017-07-01,123.0
182,2017-07-02,124.0
183,2017-07-03,110.0
184,2017-07-04,224.0
185,2017-07-05,182.0
186,2017-07-06,223.0
187,2017-07-07,244.0
188,2017-07-08,159.0
189,2017-07-09,125.0
190,2017-07-10,191.0
191,2017-07-11,191.0
192,2017-07-12,183.0
193,2017-07-13,187.0
194,2017-07-14,197.0
195,2017-07-15,133.0
196,2017-07-16,126.0
197,2017-07-17,175.0
198,2017-07-18,254.0
199,2017-07-19,211.0
200,2017-07-20,204.0
201,2017-07-21,217.0
202,2017-07-22,138.0
203,2017-07-23,163.0
204,2017-07-24,199.0
205,2017-07-25,214.0
206,2017-07-26,177.0
207,2017-07-27,239.0
208,2017-07-28,216.0
209,2017-07-29,166.0
210,2017-07-30,122.0
211,2017-07-31,252.0
212,2017-08-01,205.0
213,2017-08-02,219.0
214,2017-08-03,232.0
215,2017-08-04,230.0
216,2017-08-05,102.0
217,2017-08-06,139.0
218,2017-08-07,92.0
219,2017-08-08,196.0
220,2017-08-09,192.0
221,2017-08-10,245.0
222,2017-08-11,230.0
223,2017-08-12,155.0
224,2017-08-13,223.0
225,2017-08-14,190.0
226,2017-08-15,214.0
227,2017-08-16,206.0
228,2017-08-17,275.0
229,2017-08-18,235.0
230,2017-08-19,140.0
231,2017-08-20,130.0
232,2017-08-21,237.0
233,2017-08-22,204.0
234,2017-08-23,191.0
235,2017-08-24,171.0
236,2017-08-25,236.0
237,2017-08-26,177.0
238,2017-08-27,155.0
239,2017-08-28,196.0
240,2017-08-29,242.0
241,2017-08-30,188.0
242,2017-08-31,215.0
243,2017-09-01,195.0
244,2017-09-02,171.0
245,2017-09-03,116.0
246,2017-09-04,97.0
247,2017-09-05,245.0
248,2017-09-06,238.0
249,2017-09-07,268.0
250,2017-09-08,235.0
251,2017-09-09,202.0
252,2017-09-10,128.0
253,2017-09-11,232.0
254,2017-09-12,278.0
255,2017-09-13,229.0
256,2017-09-14,254.0
257,2017-09-15,260.0
258,2017-09-16,148.0
259,2017-09-17,112.0
260,2017-09-18,232.0
261,2017-09-19,236.0
262,2017-09-20,446.0
263,2017-09-21,232.0
264,2017-09-22,197.0
265,2017-09-23,162.0
266,2017-09-24,133.0
267,2017-09-25,256.0
268,2017-09-26,239.0
269,2017-09-27,264.0
270,2017-09-28,293.0
271,2017-09-29,238.0
272,2017-09-30,125.0
273,2017-10-01,119.0
274,2017-10-02,238.0
275,2017-10-03,267.0
276,2017-10-04,198.0
277,2017-10-05,255.0
278,2017-10-06,246.0
279,2017-10-07,131.0
280,2017-10-08,117.0
281,2017-10-09,79.0
282,2017-10-10,299.0
283,2017-10-11,251.0
284,2017-10-12,248.0
285,2017-10-13,282.0
286,2017-10-14,160.0
287,2017-10-15,148.0
288,2017-10-16,242.0
289,2017-10-17,195.0
290,2017-10-18,223.0
291,2017-10-19,281.0
292,2017-10-20,275.0
293,2017-10-21,136.0
294,2017-10-22,106.0
295,2017-10-23,249.0
296,2017-10-24,272.0
297,2017-10-25,207.0
298,2017-10-26,261.0
299,2017-10-27,236.0
300,2017-10-28,153.0
301,2017-10-29,128.0
302,2017-10-30,206.0
303,2017-10-31,246.0
304,2017-11-01,253.0
305,2017-11-02,230.0
306,2017-11-03,221.0
307,2017-11-04,148.0
308,2017-11-05,122.0
309,2017-11-06,213.0
310,2017-11-07,278.0
311,2017-11-08,238.0
312,2017-11-09,242.0
313,2017-11-10,351.0
314,2017-11-11,141.0
315,2017-11-12,122.0
316,2017-11-13,208.0
317,2017-11-14,206.0
318,2017-11-15,254.0
319,2017-11-16,247.0
320,2017-11-17,275.0
321,2017-11-18,156.0
322,2017-11-19,130.0
323,2017-11-20,308.0
324,2017-11-21,266.0
325,2017-11-22,209.0
326,2017-11-23,249.0
327,2017-11-24,225.0
328,2017-11-25,134.0
329,2017-11-26,139.0
330,2017-11-27,197.0
331,2017-11-28,250.0
332,2017-11-29,216.0
333,2017-11-30,267.0
334,2017-12-01,204.0
335,2017-12-02,135.0
336,2017-12-03,126.0
337,2017-12-04,206.0
338,2017-12-05,216.0
339,2017-12-06,202.0
340,2017-12-07,248.0
341,2017-12-08,268.0
342,2017-12-09,128.0
343,2017-12-10,101.0
344,2017-12-11,302.0
345,2017-12-12,337.0
346,2017-12-13,305.0
347,2017-12-14,345.0
348,2017-12-15,288.0
349,2017-12-16,146.0
350,2017-12-17,127.0
351,2017-12-18,353.0
352,2017-12-19,185.0
353,2017-12-20,186.0
354,2017-12-21,328.0
355,2017-12-22,257.0
356,2017-12-23,138.0
357,2017-12-24,167.0
358,2017-12-25,97.0
359,2017-12-26,132.0
360,2017-12-27,286.0
361,2017-12-28,313.0
362,2017-12-29,301.0
363,2017-12-30,142.0
364,2017-12-31,240.0
0,2018-01-01,170.0
1,2018-01-02,293.0
2,2018-01-03,236.0
3,2018-01-04,272.0
4,2018-01-05,280.0
5,2018-01-06,168.0
6,2018-01-07,138.0
7,2018-01-08,493.0
8,2018-01-09,184.0
9,2018-01-10,305.0
10,2018-01-11,250.0
11,2018-01-12,325.0
12,2018-01-13,162.0
13,2018-01-14,117.0
14,2018-01-15,212.0
15,2018-01-16,385.0
16,2018-01-17,207.0
17,2018-01-18,176.0
18,2018-01-19,189.0
19,2018-01-20,149.0
20,2018-01-21,93.0
21,2018-01-22,171.0
22,2018-01-23,231.0
23,2018-01-24,188.0
24,2018-01-25,199.0
25,2018-01-26,226.0
26,2018-01-27,148.0
27,2018-01-28,106.0
28,2018-01-29,253.0
29,2018-01-30,307.0
30,2018-01-31,335.0
31,2018-02-01,237.0
32,2018-02-02,282.0
33,2018-02-03,114.0
34,2018-02-04,108.0
35,2018-02-05,261.0
36,2018-02-06,273.0
37,2018-02-07,329.0
38,2018-02-08,231.0
39,2018-02-09,275.0
40,2018-02-10,288.0
41,2018-02-11,179.0
42,2018-02-12,277.0
43,2018-02-13,183.0
44,2018-02-14,223.0
45,2018-02-15,247.0
46,2018-02-16,181.0
47,2018-02-17,151.0
48,2018-02-18,85.0
49,2018-02-19,93.0
50,2018-02-20,277.0
51,2018-02-21,232.0
52,2018-02-22,211.0
53,2018-02-23,215.0
54,2018-02-24,180.0
55,2018-02-25,108.0
56,2018-02-26,174.0
57,2018-02-27,198.0
58,2018-02-28,163.0
59,2018-03-01,171.0
60,2018-03-02,156.0
61,2018-03-03,146.0
62,2018-03-04,109.0
63,2018-03-05,219.0
64,2018-03-06,165.0
65,2018-03-07,155.0
66,2018-03-08,135.0
67,2018-03-09,206.0
68,2018-03-10,136.0
69,2018-03-11,130.0
70,2018-03-12,206.0
71,2018-03-13,195.0
72,2018-03-14,151.0
73,2018-03-15,220.0
74,2018-03-16,229.0
75,2018-03-17,121.0
76,2018-03-18,98.0
77,2018-03-19,235.0
78,2018-03-20,240.0
79,2018-03-21,190.0
80,2018-03-22,152.0
81,2018-03-23,239.0
82,2018-03-24,162.0
83,2018-03-25,112.0
84,2018-03-26,232.0
85,2018-03-27,229.0
86,2018-03-28,177.0
87,2018-03-29,332.0
88,2018-03-30,55.0
89,2018-03-31,199.0
90,2018-04-01,70.0
91,2018-04-02,169.0
92,2018-04-03,207.0
93,2018-04-04,257.0
94,2018-04-05,197.0
95,2018-04-06,222.0
96,2018-04-07,134.0
97,2018-04-08,89.0
98,2018-04-09,178.0
99,2018-04-10,189.0
100,2018-04-11,221.0
101,2018-04-12,200.0
102,2018-04-13,169.0
103,2018-04-14,218.0
104,2018-04-15,351.0
105,2018-04-16,462.0
106,2018-04-17,210.0
107,2018-04-18,197.0
108,2018-04-19,220.0
109,2018-04-20,237.0
110,2018-04-21,136.0
111,2018-04-22,159.0
112,2018-04-23,253.0
113,2018-04-24,243.0
114,2018-04-25,236.0
115,2018-04-26,245.0
116,2018-04-27,244.0
117,2018-04-28,131.0
118,2018-04-29,146.0
119,2018-04-30,241.0
120,2018-05-01,262.0
121,2018-05-02,230.0
122,2018-05-03,275.0
123,2018-05-04,436.0
124,2018-05-05,168.0
125,2018-05-06,118.0
126,2018-05-07,239.0
127,2018-05-08,255.0
128,2018-05-09,298.0
129,2018-05-10,248.0
130,2018-05-11,271.0
131,2018-05-12,147.0
132,2018-05-13,132.0
133,2018-05-14,215.0
134,2018-05-15,228.0
135,2018-05-16,230.0
136,2018-05-17,255.0
137,2018-05-18,196.0
138,2018-05-19,115.0
139,2018-05-20,106.0
140,2018-05-21,73.0
141,2018-05-22,246.0
142,2018-05-23,316.0
143,2018-05-24,218.0
144,2018-05-25,244.0
145,2018-05-26,152.0
146,2018-05-27,113.0
147,2018-05-28,245.0
148,2018-05-29,283.0
149,2018-05-30,249.0
150,2018-05-31,274.0
151,2018-06-01,284.0
152,2018-06-02,149.0
153,2018-06-03,117.0
154,2018-06-04,186.0
155,2018-06-05,215.0
156,2018-06-06,199.0
157,2018-06-07,209.0
158,2018-06-08,209.0
159,2018-06-09,139.0
160,2018-06-10,99.0
161,2018-06-11,183.0
162,2018-06-12,221.0
163,2018-06-13,278.0
164,2018-06-14,235.0
165,2018-06-15,259.0
166,2018-06-16,175.0
167,2018-06-17,151.0
168,2018-06-18,316.0
169,2018-06-19,265.0
170,2018-06-20,215.0
171,2018-06-21,221.0
172,2018-06-22,217.0
173,2018-06-23,136.0
174,2018-06-24,122.0
175,2018-06-25,221.0
176,2018-06-26,243.0
177,2018-06-27,230.0
178,2018-06-28,247.0
179,2018-06-29,244.0
180,2018-06-30,183.0
181,2018-07-01,183.0
182,2018-07-02,107.0
183,2018-07-03,273.0
184,2018-07-04,264.0
185,2018-07-05,239.0
186,2018-07-06,208.0
187,2018-07-07,181.0
188,2018-07-08,188.0
189,2018-07-09,295.0
190,2018-07-10,233.0
191,2018-07-11,239.0
192,2018-07-12,245.0
193,2018-07-13,229.0
194,2018-07-14,190.0
195,2018-07-15,148.0
196,2018-07-16,283.0
197,2018-07-17,267.0
198,2018-07-18,247.0
199,2018-07-19,251.0
200,2018-07-20,225.0
201,2018-07-21,151.0
202,2018-07-22,137.0
203,2018-07-23,185.0
204,2018-07-24,213.0
205,2018-07-25,218.0
206,2018-07-26,192.0
207,2018-07-27,176.0
208,2018-07-28,150.0
209,2018-07-29,122.0
210,2018-07-30,186.0
211,2018-07-31,208.0
212,2018-08-01,195.0
213,2018-08-02,187.0
214,2018-08-03,206.0
215,2018-08-04,132.0
216,2018-08-05,156.0
217,2018-08-06,134.0
218,2018-08-07,253.0
219,2018-08-08,434.0
220,2018-08-09,332.0
221,2018-08-10,220.0
222,2018-08-11,181.0
223,2018-08-12,153.0
224,2018-08-13,212.0
225,2018-08-14,248.0
226,2018-08-15,243.0
227,2018-08-16,215.0
228,2018-08-17,363.0
229,2018-08-18,172.0
230,2018-08-19,114.0
231,2018-08-20,179.0
232,2018-08-21,223.0
233,2018-08-22,253.0
234,2018-08-23,216.0
235,2018-08-24,260.0
236,2018-08-25,147.0
237,2018-08-26,146.0
238,2018-08-27,210.0
239,2018-08-28,216.0
240,2018-08-29,226.0
241,2018-08-30,252.0
242,2018-08-31,214.0
243,2018-09-01,137.0
244,2018-09-02,102.0
245,2018-09-03,93.0
246,2018-09-04,244.0
247,2018-09-05,279.0
248,2018-09-06,255.0
249,2018-09-07,241.0
250,2018-09-08,136.0
251,2018-09-09,99.0
252,2018-09-10,342.0
253,2018-09-11,243.0
254,2018-09-12,294.0
255,2018-09-13,249.0
256,2018-09-14,267.0
257,2018-09-15,148.0
258,2018-09-16,115.0
259,2018-09-17,260.0
260,2018-09-18,210.0
261,2018-09-19,187.0
262,2018-09-20,209.0
263,2018-09-21,266.0
264,2018-09-22,143.0
265,2018-09-23,104.0
266,2018-09-24,200.0
267,2018-09-25,236.0
268,2018-09-26,195.0
269,2018-09-27,232.0
270,2018-09-28,200.0
271,2018-09-29,154.0
272,2018-09-30,97.0
273,2018-10-01,228.0
274,2018-10-02,234.0
275,2018-10-03,215.0
276,2018-10-04,241.0
277,2018-10-05,191.0
278,2018-10-06,125.0
279,2018-10-07,137.0
280,2018-10-08,112.0
281,2018-10-09,239.0
282,2018-10-10,261.0
283,2018-10-11,210.0
284,2018-10-12,231.0
285,2018-10-13,129.0
286,2018-10-14,121.0
287,2018-10-15,222.0
288,2018-10-16,203.0
289,2018-10-17,196.0
290,2018-10-18,260.0
291,2018-10-19,228.0
292,2018-10-20,151.0
293,2018-10-21,114.0
294,2018-10-22,213.0
295,2018-10-23,240.0
296,2018-10-24,197.0
297,2018-10-25,202.0
298,2018-10-26,176.0
299,2018-10-27,126.0
300,2018-10-28,136.0
301,2018-10-29,198.0
302,2018-10-30,214.0
303,2018-10-31,253.0
304,2018-11-01,238.0
305,2018-11-02,226.0
306,2018-11-03,122.0
307,2018-11-04,144.0
308,2018-11-05,214.0
309,2018-11-06,238.0
310,2018-11-07,182.0
311,2018-11-08,189.0
312,2018-11-09,258.0
313,2018-11-10,120.0
314,2018-11-11,107.0
315,2018-11-12,193.0
316,2018-11-13,207.0
317,2018-11-14,224.0
318,2018-11-15,270.0
319,2018-11-16,304.0
320,2018-11-17,150.0
321,2018-11-18,107.0
322,2018-11-19,216.0
323,2018-11-20,234.0
324,2018-11-21,293.0
325,2018-11-22,297.0
326,2018-11-23,268.0
327,2018-11-24,150.0
328,2018-11-25,96.0
329,2018-11-26,231.0
330,2018-11-27,227.0
331,2018-11-28,228.0
332,2018-11-29,227.0
333,2018-11-30,322.0
334,2018-12-01,145.0
335,2018-12-02,149.0
336,2018-12-03,217.0
337,2018-12-04,320.0
338,2018-12-05,206.0
339,2018-12-06,199.0
340,2018-12-07,199.0
341,2018-12-08,163.0
342,2018-12-09,82.0
343,2018-12-10,179.0
344,2018-12-11,196.0
345,2018-12-12,220.0
346,2018-12-13,212.0
347,2018-12-14,195.0
348,2018-12-15,111.0
349,2018-12-16,77.0
350,2018-12-17,161.0
351,2018-12-18,209.0
352,2018-12-19,268.0
353,2018-12-20,210.0
354,2018-12-21,185.0
355,2018-12-22,103.0
356,2018-12-23,130.0
357,2018-12-24,128.0
358,2018-12-25,66.0
359,2018-12-26,65.0
360,2018-12-27,125.0
361,2018-12-28,171.0
362,2018-12-29,135.0
363,2018-12-30,85.0
364,2018-12-31,135.0
2,2019-01-01,73.0
3,2019-01-02,161.0
4,2019-01-03,128.0
5,2019-01-04,143.0
6,2019-01-05,95.0
7,2019-01-06,84.0
8,2019-01-07,149.0
9,2019-01-08,160.0
10,2019-01-09,135.0
11,2019-01-10,173.0
12,2019-01-11,207.0
13,2019-01-12,98.0
14,2019-01-13,110.0
15,2019-01-14,160.0
16,2019-01-15,205.0
17,2019-01-16,186.0
18,2019-01-17,176.0
19,2019-01-18,132.0
20,2019-01-19,180.0
21,2019-01-20,216.0
22,2019-01-21,315.0
23,2019-01-22,254.0
24,2019-01-23,255.0
25,2019-01-24,310.0
26,2019-01-25,216.0
27,2019-01-26,124.0
28,2019-01-27,201.0
29,2019-01-28,503.0
30,2019-01-29,619.0
31,2019-01-30,488.0
32,2019-01-31,483.0
33,2019-02-01,491.0
34,2019-02-02,176.0
35,2019-02-03,137.0
36,2019-02-04,220.0
37,2019-02-05,232.0
38,2019-02-06,444.0
39,2019-02-07,221.0
40,2019-02-08,208.0
41,2019-02-09,119.0
42,2019-02-10,102.0
43,2019-02-11,198.0
44,2019-02-12,416.0
45,2019-02-13,369.0
46,2019-02-14,392.0
47,2019-02-15,296.0
48,2019-02-16,119.0
49,2019-02-17,91.0
50,2019-02-18,116.0
51,2019-02-19,249.0
52,2019-02-20,257.0
53,2019-02-21,264.0
54,2019-02-22,261.0
55,2019-02-23,152.0
56,2019-02-24,126.0
57,2019-02-25,307.0
58,2019-02-26,211.0
59,2019-02-27,393.0
60,2019-02-28,387.0
61,2019-03-01,245.0
62,2019-03-02,159.0
63,2019-03-03,95.0
64,2019-03-04,229.0
65,2019-03-05,229.0
66,2019-03-06,201.0
67,2019-03-07,202.0
68,2019-03-08,220.0
69,2019-03-09,133.0
70,2019-03-10,98.0
71,2019-03-11,187.0
72,2019-03-12,215.0
73,2019-03-13,160.0
74,2019-03-14,167.0
75,2019-03-15,286.0
76,2019-03-16,149.0
77,2019-03-17,113.0
78,2019-03-18,314.0
79,2019-03-19,212.0
80,2019-03-20,254.0
81,2019-03-21,191.0
82,2019-03-22,173.0
83,2019-03-23,103.0
84,2019-03-24,120.0
85,2019-03-25,244.0
86,2019-03-26,194.0
87,2019-03-27,180.0
88,2019-03-28,162.0
89,2019-03-29,217.0
90,2019-03-30,139.0
91,2019-03-31,118.0
92,2019-04-01,200.0
93,2019-04-02,146.0
94,2019-04-03,184.0
95,2019-04-04,192.0
96,2019-04-05,172.0
97,2019-04-06,117.0
98,2019-04-07,105.0
99,2019-04-08,176.0
100,2019-04-09,182.0
101,2019-04-10,189.0
102,2019-04-11,165.0
103,2019-04-12,196.0
104,2019-04-13,150.0
105,2019-04-14,122.0
106,2019-04-15,203.0
107,2019-04-16,222.0
108,2019-04-17,221.0
109,2019-04-18,330.0
110,2019-04-19,89.0
111,2019-04-20,115.0
112,2019-04-21,93.0
113,2019-04-22,167.0
114,2019-04-23,211.0
115,2019-04-24,215.0
116,2019-04-25,225.0
117,2019-04-26,181.0
118,2019-04-27,118.0
119,2019-04-28,117.0
120,2019-04-29,153.0
121,2019-04-30,187.0
122,2019-05-01,180.0
123,2019-05-02,179.0
124,2019-05-03,198.0
125,2019-05-04,139.0
126,2019-05-05,108.0
127,2019-05-06,168.0
128,2019-05-07,216.0
129,2019-05-08,158.0
130,2019-05-09,202.0
131,2019-05-10,188.0
132,2019-05-11,112.0
133,2019-05-12,108.0
134,2019-05-13,124.0
135,2019-05-14,150.0
136,2019-05-15,156.0
137,2019-05-16,174.0
138,2019-05-17,165.0
139,2019-05-18,77.0
140,2019-05-19,86.0
141,2019-05-20,50.0
142,2019-05-21,217.0
143,2019-05-22,158.0
144,2019-05-23,314.0
145,2019-05-24,181.0
146,2019-05-25,130.0
147,2019-05-26,119.0
148,2019-05-27,154.0
149,2019-05-28,221.0
150,2019-05-29,189.0
151,2019-05-30,223.0
152,2019-05-31,174.0
153,2019-06-01,121.0
154,2019-06-02,162.0
155,2019-06-03,140.0
156,2019-06-04,128.0
157,2019-06-05,261.0
158,2019-06-06,357.0
159,2019-06-07,264.0
160,2019-06-08,169.0
161,2019-06-09,105.0
162,2019-06-10,196.0
163,2019-06-11,188.0
164,2019-06-12,186.0
165,2019-06-13,238.0
166,2019-06-14,167.0
167,2019-06-15,120.0
168,2019-06-16,106.0
169,2019-06-17,171.0
170,2019-06-18,171.0
171,2019-06-19,159.0
172,2019-06-20,176.0
173,2019-06-21,199.0
174,2019-06-22,113.0
175,2019-06-23,143.0
176,2019-06-24,159.0
177,2019-06-25,236.0
178,2019-06-26,199.0
179,2019-06-27,195.0
180,2019-06-28,198.0
181,2019-06-29,94.0
182,2019-06-30,106.0
183,2019-07-01,104.0
184,2019-07-02,135.0
185,2019-07-03,166.0
186,2019-07-04,185.0
187,2019-07-05,182.0
188,2019-07-06,114.0
189,2019-07-07,123.0
190,2019-07-08,153.0
191,2019-07-09,196.0
192,2019-07-10,199.0
193,2019-07-11,254.0
194,2019-07-12,151.0
195,2019-07-13,116.0
196,2019-07-14,113.0
197,2019-07-15,119.0
198,2019-07-16,196.0
199,2019-07-17,232.0
200,2019-07-18,255.0
201,2019-07-19,246.0
202,2019-07-20,149.0
203,2019-07-21,122.0
204,2019-07-22,149.0
205,2019-07-23,130.0
206,2019-07-24,280.0
207,2019-07-25,221.0
208,2019-07-26,161.0
209,2019-07-27,97.0
210,2019-07-28,97.0
211,2019-07-29,171.0
212,2019-07-30,130.0
213,2019-07-31,162.0
214,2019-08-01,152.0
215,2019-08-02,162.0
216,2019-08-03,102.0
217,2019-08-04,78.0
218,2019-08-05,77.0
219,2019-08-06,186.0
220,2019-08-07,147.0
221,2019-08-08,130.0
222,2019-08-09,142.0
223,2019-08-10,107.0
224,2019-08-11,113.0
225,2019-08-12,177.0
226,2019-08-13,218.0
227,2019-08-14,227.0
228,2019-08-15,217.0
229,2019-08-16,174.0
230,2019-08-17,108.0
231,2019-08-18,83.0
232,2019-08-19,101.0
233,2019-08-20,131.0
234,2019-08-21,163.0
235,2019-08-22,132.0
236,2019-08-23,148.0
237,2019-08-24,127.0
238,2019-08-25,81.0
239,2019-08-26,186.0
240,2019-08-27,102.0
241,2019-08-28,178.0
242,2019-08-29,150.0
243,2019-08-30,138.0
244,2019-08-31,112.0
245,2019-09-01,108.0
246,2019-09-02,71.0
247,2019-09-03,123.0
248,2019-09-04,132.0
249,2019-09-05,183.0
250,2019-09-06,170.0
251,2019-09-07,93.0
252,2019-09-08,87.0
253,2019-09-09,130.0
254,2019-09-10,110.0
255,2019-09-11,170.0
256,2019-09-12,144.0
257,2019-09-13,155.0
258,2019-09-14,103.0
259,2019-09-15,99.0
260,2019-09-16,130.0
261,2019-09-17,157.0
262,2019-09-18,107.0
263,2019-09-19,135.0
264,2019-09-20,161.0
265,2019-09-21,99.0
266,2019-09-22,109.0
267,2019-09-23,147.0
268,2019-09-24,144.0
269,2019-09-25,128.0
270,2019-09-26,189.0
271,2019-09-27,167.0
272,2019-09-28,115.0
273,2019-09-29,72.0
274,2019-09-30,154.0
275,2019-10-01,171.0
276,2019-10-02,130.0
277,2019-10-03,187.0
278,2019-10-04,137.0
279,2019-10-05,96.0
280,2019-10-06,78.0
281,2019-10-07,121.0
282,2019-10-08,194.0
283,2019-10-09,179.0
284,2019-10-10,164.0
285,2019-10-11,142.0
286,2019-10-12,111.0
287,2019-10-13,73.0
288,2019-10-14,50.0
289,2019-10-15,120.0
290,2019-10-16,175.0
291,2019-10-17,168.0
292,2019-10-18,152.0
293,2019-10-19,98.0
294,2019-10-20,86.0
295,2019-10-21,95.0
296,2019-10-22,217.0
297,2019-10-23,96.0
298,2019-10-24,147.0
299,2019-10-25,138.0
300,2019-10-26,119.0
301,2019-10-27,76.0
302,2019-10-28,154.0
303,2019-10-29,178.0
304,2019-10-30,220.0
305,2019-10-31,203.0
306,2019-11-01,224.0
307,2019-11-02,129.0
308,2019-11-03,76.0
309,2019-11-04,184.0
310,2019-11-05,216.0
311,2019-11-06,214.0
312,2019-11-07,321.0
313,2019-11-08,167.0
314,2019-11-09,138.0
315,2019-11-10,92.0
316,2019-11-11,257.0
317,2019-11-12,378.0
318,2019-11-13,264.0
319,2019-11-14,243.0
320,2019-11-15,177.0
321,2019-11-16,139.0
322,2019-11-17,90.0
323,2019-11-18,151.0
324,2019-11-19,157.0
325,2019-11-20,177.0
326,2019-11-21,168.0
327,2019-11-22,155.0
328,2019-11-23,95.0
329,2019-11-24,89.0
330,2019-11-25,175.0
331,2019-11-26,149.0
332,2019-11-27,191.0
333,2019-11-28,251.0
334,2019-11-29,239.0
335,2019-11-30,126.0
336,2019-12-01,162.0
337,2019-12-02,262.0
338,2019-12-03,144.0
339,2019-12-04,179.0
340,2019-12-05,135.0
341,2019-12-06,237.0
342,2019-12-07,134.0
343,2019-12-08,105.0
344,2019-12-09,188.0
345,2019-12-10,179.0
346,2019-12-11,170.0
347,2019-12-12,191.0
348,2019-12-13,143.0
349,2019-12-14,128.0
350,2019-12-15,80.0
351,2019-12-16,126.0
352,2019-12-17,135.0
353,2019-12-18,163.0
354,2019-12-19,191.0
355,2019-12-20,183.0
356,2019-12-21,110.0
357,2019-12-22,129.0
358,2019-12-23,128.0
359,2019-12-24,90.0
360,2019-12-25,56.0
361,2019-12-26,86.0
362,2019-12-27,173.0
363,2019-12-28,110.0
364,2019-12-29,101.0
365,2019-12-30,144.0
366,2019-12-31,122.0
0,2020-01-01,63.0
1,2020-01-02,92.0
2,2020-01-03,124.0
3,2020-01-04,95.0
4,2020-01-05,69.0
5,2020-01-06,136.0
6,2020-01-07,158.0
7,2020-01-08,190.0
8,2020-01-09,121.0
9,2020-01-10,111.0
10,2020-01-11,99.0
11,2020-01-12,109.0
12,2020-01-13,144.0
13,2020-01-14,161.0
14,2020-01-15,166.0
15,2020-01-16,175.0
16,2020-01-17,160.0
17,2020-01-18,195.0
18,2020-01-19,111.0
19,2020-01-20,152.0
20,2020-01-21,135.0
21,2020-01-22,294.0
22,2020-01-23,136.0
23,2020-01-24,199.0
24,2020-01-25,117.0
25,2020-01-26,110.0
26,2020-01-27,132.0
27,2020-01-28,115.0
28,2020-01-29,137.0
29,2020-01-30,123.0
30,2020-01-31,153.0
31,2020-02-01,120.0
32,2020-02-02,90.0
33,2020-02-03,175.0
34,2020-02-04,146.0
35,2020-02-05,183.0
36,2020-02-06,213.0
37,2020-02-07,167.0
38,2020-02-08,110.0
39,2020-02-09,98.0
40,2020-02-10,179.0
41,2020-02-11,112.0
42,2020-02-12,150.0
43,2020-02-13,256.0
44,2020-02-14,166.0
45,2020-02-15,68.0
46,2020-02-16,93.0
47,2020-02-17,57.0
48,2020-02-18,215.0
49,2020-02-19,117.0
50,2020-02-20,135.0
51,2020-02-21,156.0
52,2020-02-22,121.0
53,2020-02-23,85.0
54,2020-02-24,112.0
55,2020-02-25,121.0
56,2020-02-26,120.0
57,2020-02-27,244.0
58,2020-02-28,161.0
59,2020-02-29,107.0
60,2020-03-01,109.0
61,2020-03-02,129.0
62,2020-03-03,154.0
63,2020-03-04,128.0
64,2020-03-05,195.0
65,2020-03-06,125.0
66,2020-03-07,123.0
67,2020-03-08,94.0
68,2020-03-09,181.0
69,2020-03-10,108.0
70,2020-03-11,109.0
71,2020-03-12,131.0
72,2020-03-13,135.0
73,2020-03-14,70.0
74,2020-03-15,77.0
75,2020-03-16,111.0
76,2020-03-17,99.0
77,2020-03-18,108.0
78,2020-03-19,118.0
79,2020-03-20,123.0
80,2020-03-21,92.0
81,2020-03-22,55.0
82,2020-03-23,137.0
83,2020-03-24,125.0
84,2020-03-25,178.0
85,2020-03-26,177.0
86,2020-03-27,212.0
87,2020-03-28,69.0
88,2020-03-29,89.0
89,2020-03-30,159.0
90,2020-03-31,202.0
91,2020-04-01,113.0
92,2020-04-02,88.0
93,2020-04-03,137.0
94,2020-04-04,85.0
95,2020-04-05,58.0
96,2020-04-06,91.0
97,2020-04-07,140.0
98,2020-04-08,172.0
99,2020-04-09,163.0
100,2020-04-10,54.0
101,2020-04-11,88.0
102,2020-04-12,75.0
103,2020-04-13,162.0
104,2020-04-14,174.0
105,2020-04-15,165.0
106,2020-04-16,152.0
107,2020-04-17,155.0
108,2020-04-18,89.0
109,2020-04-19,85.0
110,2020-04-20,151.0
111,2020-04-21,150.0
112,2020-04-22,151.0
113,2020-04-23,140.0
114,2020-04-24,149.0
115,2020-04-25,94.0
116,2020-04-26,80.0
117,2020-04-27,135.0
118,2020-04-28,231.0
119,2020-04-29,170.0
120,2020-04-30,167.0
121,2020-05-01,139.0
122,2020-05-02,105.0
123,2020-05-03,97.0
124,2020-05-04,178.0
125,2020-05-05,151.0
126,2020-05-06,145.0
127,2020-05-07,168.0
128,2020-05-08,159.0
129,2020-05-09,103.0
130,2020-05-10,81.0
131,2020-05-11,112.0
132,2020-05-12,96.0
133,2020-05-13,126.0
134,2020-05-14,94.0
135,2020-05-15,106.0
136,2020-05-16,97.0
137,2020-05-17,77.0
138,2020-05-18,84.0
139,2020-05-19,97.0
140,2020-05-20,123.0
141,2020-05-21,69.0
142,2020-05-22,108.0
143,2020-05-23,120.0
144,2020-05-24,86.0
145,2020-05-25,125.0
146,2020-05-26,123.0
147,2020-05-27,100.0
148,2020-05-28,105.0
149,2020-05-29,128.0
150,2020-05-30,108.0
151,2020-05-31,94.0
152,2020-06-01,106.0
153,2020-06-02,103.0
154,2020-06-03,94.0
155,2020-06-04,92.0
156,2020-06-05,117.0
157,2020-06-06,83.0
158,2020-06-07,77.0
159,2020-06-08,100.0
160,2020-06-09,94.0
161,2020-06-10,96.0
162,2020-06-11,93.0
163,2020-06-12,92.0
164,2020-06-13,89.0
165,2020-06-14,75.0
166,2020-06-15,100.0
167,2020-06-16,105.0
168,2020-06-17,119.0
169,2020-06-18,142.0
170,2020-06-19,110.0
171,2020-06-20,103.0
172,2020-06-21,65.0
173,2020-06-22,130.0
174,2020-06-23,114.0
175,2020-06-24,94.0
176,2020-06-25,104.0
177,2020-06-26,117.0
178,2020-06-27,77.0
179,2020-06-28,80.0
180,2020-06-29,115.0
181,2020-06-30,115.0
362,2020-07-01,
363,2020-07-02,
364,2020-07-03,
365,2020-07-04,
182,2020-07-05,64.0
183,2020-07-06,138.0
184,2020-07-07,97.0
185,2020-07-08,121.0
186,2020-07-09,154.0
187,2020-07-10,129.0
188,2020-07-11,62.0
189,2020-07-12,75.0
190,2020-07-13,66.0
191,2020-07-14,61.0
192,2020-07-15,120.0
193,2020-07-16,87.0
194,2020-07-17,172.0
195,2020-07-18,79.0
196,2020-07-19,71.0
197,2020-07-20,102.0
198,2020-07-21,102.0
199,2020-07-22,107.0
200,2020-07-23,138.0
201,2020-07-24,48.0
202,2020-07-25,19.0
203,2020-07-26,30.0
204,2020-07-27,44.0
205,2020-07-28,18.0
206,2020-07-29,29.0
207,2020-07-30,36.0
208,2020-07-31,34.0
209,2020-08-01,49.0
210,2020-08-02,53.0
211,2020-08-03,50.0
212,2020-08-04,100.0
213,2020-08-05,72.0
214,2020-08-06,87.0
215,2020-08-07,97.0
216,2020-08-08,69.0
217,2020-08-09,67.0
218,2020-08-10,87.0
219,2020-08-11,81.0
220,2020-08-12,56.0
221,2020-08-13,69.0
222,2020-08-14,87.0
223,2020-08-15,98.0
224,2020-08-16,59.0
225,2020-08-17,86.0
226,2020-08-18,59.0
227,2020-08-19,55.0
228,2020-08-20,64.0
229,2020-08-21,107.0
230,2020-08-22,59.0
231,2020-08-23,32.0
232,2020-08-24,49.0
233,2020-08-25,50.0
234,2020-08-26,60.0
235,2020-08-27,80.0
236,2020-08-28,53.0
237,2020-08-29,36.0
238,2020-08-30,66.0
239,2020-08-31,63.0
240,2020-09-01,78.0
241,2020-09-02,57.0
242,2020-09-03,76.0
243,2020-09-04,72.0
244,2020-09-05,35.0
245,2020-09-06,39.0
246,2020-09-07,36.0
247,2020-09-08,34.0
248,2020-09-09,75.0
249,2020-09-10,48.0
250,2020-09-11,65.0
251,2020-09-12,71.0
252,2020-09-13,33.0
253,2020-09-14,30.0
254,2020-09-15,58.0
255,2020-09-16,75.0
256,2020-09-17,74.0
257,2020-09-18,74.0
258,2020-09-19,54.0
259,2020-09-20,42.0
260,2020-09-21,37.0
261,2020-09-22,65.0
262,2020-09-23,61.0
263,2020-09-24,84.0
264,2020-09-25,90.0
265,2020-09-26,75.0
266,2020-09-27,47.0
267,2020-09-28,63.0
268,2020-09-29,63.0
269,2020-09-30,57.0
270,2020-10-01,52.0
271,2020-10-02,56.0
272,2020-10-03,81.0
273,2020-10-04,57.0
274,2020-10-05,47.0
275,2020-10-06,56.0
276,2020-10-07,47.0
277,2020-10-08,49.0
278,2020-10-09,50.0
279,2020-10-10,44.0
280,2020-10-11,43.0
281,2020-10-12,32.0
282,2020-10-13,61.0
283,2020-10-14,53.0
284,2020-10-15,91.0
285,2020-10-16,84.0
286,2020-10-17,64.0
287,2020-10-18,36.0
288,2020-10-19,35.0
289,2020-10-20,67.0
290,2020-10-21,76.0
291,2020-10-22,118.0
292,2020-10-23,112.0
293,2020-10-24,67.0
294,2020-10-25,32.0
295,2020-10-26,83.0
296,2020-10-27,106.0
297,2020-10-28,98.0
298,2020-10-29,101.0
299,2020-10-30,65.0
300,2020-10-31,56.0
301,2020-11-01,61.0
302,2020-11-02,88.0
303,2020-11-03,149.0
304,2020-11-04,112.0
305,2020-11-05,70.0
306,2020-11-06,42.0
307,2020-11-07,46.0
308,2020-11-08,43.0
309,2020-11-09,105.0
310,2020-11-10,92.0
311,2020-11-11,98.0
312,2020-11-12,87.0
313,2020-11-13,47.0
314,2020-11-14,43.0
315,2020-11-15,101.0
316,2020-11-16,95.0
317,2020-11-17,88.0
318,2020-11-18,91.0
319,2020-11-19,97.0
320,2020-11-20,90.0
321,2020-11-21,64.0
322,2020-11-22,47.0
323,2020-11-23,82.0
324,2020-11-24,113.0
325,2020-11-25,126.0
326,2020-11-26,128.0
327,2020-11-27,109.0
328,2020-11-28,81.0
329,2020-11-29,45.0
330,2020-11-30,135.0
331,2020-12-01,133.0
332,2020-12-02,116.0
333,2020-12-03,90.0
334,2020-12-04,78.0
335,2020-12-05,78.0
336,2020-12-06,48.0
337,2020-12-07,88.0
338,2020-12-08,103.0
339,2020-12-09,103.0
340,2020-12-10,149.0
341,2020-12-11,138.0
342,2020-12-12,51.0
343,2020-12-13,56.0
344,2020-12-14,92.0
345,2020-12-15,93.0
346,2020-12-16,98.0
347,2020-12-17,117.0
348,2020-12-18,88.0
349,2020-12-19,69.0
350,2020-12-20,45.0
351,2020-12-21,74.0
352,2020-12-22,101.0
353,2020-12-23,96.0
354,2020-12-24,88.0
355,2020-12-25,51.0
356,2020-12-26,74.0
357,2020-12-27,43.0
358,2020-12-28,69.0
359,2020-12-29,96.0
360,2020-12-30,189.0
361,2020-12-31,122.0
0,2021-01-01,58.0
1,2021-01-02,67.0
2,2021-01-03,50.0
3,2021-01-04,98.0
4,2021-01-05,104.0
5,2021-01-06,134.0
6,2021-01-07,125.0
7,2021-01-08,137.0
8,2021-01-09,57.0
9,2021-01-10,53.0
10,2021-01-11,101.0
11,2021-01-12,99.0
12,2021-01-13,102.0
13,2021-01-14,89.0
14,2021-01-15,105.0
15,2021-01-16,48.0
16,2021-01-17,69.0
17,2021-01-18,75.0
18,2021-01-19,114.0
19,2021-01-20,113.0
20,2021-01-21,96.0
21,2021-01-22,107.0
22,2021-01-23,81.0
23,2021-01-24,51.0
24,2021-01-25,110.0
25,2021-01-26,119.0
26,2021-01-27,118.0
27,2021-01-28,110.0
28,2021-01-29,99.0
29,2021-01-30,61.0
30,2021-01-31,63.0
31,2021-02-01,88.0
32,2021-02-02,79.0
33,2021-02-03,111.0
34,2021-02-04,85.0
35,2021-02-05,100.0
36,2021-02-06,80.0
37,2021-02-07,56.0
38,2021-02-08,96.0
39,2021-02-09,109.0
40,2021-02-10,90.0
41,2021-02-11,76.0
42,2021-02-12,84.0
43,2021-02-13,100.0
44,2021-02-14,59.0
45,2021-02-15,95.0
46,2021-02-16,157.0
47,2021-02-17,108.0
48,2021-02-18,95.0
49,2021-02-19,117.0
50,2021-02-20,68.0
51,2021-02-21,56.0
52,2021-02-22,130.0
53,2021-02-23,95.0
54,2021-02-24,178.0
55,2021-02-25,171.0
56,2021-02-26,157.0
57,2021-02-27,117.0
58,2021-02-28,107.0
59,2021-03-01,175.0
60,2021-03-02,226.0
61,2021-03-03,200.0
62,2021-03-04,183.0
63,2021-03-05,147.0
64,2021-03-06,108.0
65,2021-03-07,92.0
66,2021-03-08,166.0
67,2021-03-09,203.0
68,2021-03-10,188.0
69,2021-03-11,219.0
70,2021-03-12,149.0
71,2021-03-13,99.0
72,2021-03-14,76.0
73,2021-03-15,157.0
74,2021-03-16,207.0
75,2021-03-17,177.0
76,2021-03-18,212.0
77,2021-03-19,215.0
78,2021-03-20,108.0
79,2021-03-21,83.0
80,2021-03-22,129.0
81,2021-03-23,149.0
82,2021-03-24,150.0
83,2021-03-25,171.0
84,2021-03-26,147.0
85,2021-03-27,89.0
86,2021-03-28,71.0
87,2021-03-29,133.0
88,2021-03-30,188.0
89,2021-03-31,198.0
90,2021-04-01,165.0
91,2021-04-02,101.0
92,2021-04-03,71.0
93,2021-04-04,91.0
94,2021-04-05,157.0
95,2021-04-06,179.0
96,2021-04-07,163.0
97,2021-04-08,138.0
98,2021-04-09,145.0
99,2021-04-10,145.0
100,2021-04-11,111.0
101,2021-04-12,184.0
102,2021-04-13,167.0
103,2021-04-14,191.0
104,2021-04-15,151.0
105,2021-04-16,206.0
106,2021-04-17,80.0
107,2021-04-18,94.0
108,2021-04-19,170.0
109,2021-04-20,157.0
110,2021-04-21,167.0
111,2021-04-22,175.0
112,2021-04-23,181.0
113,2021-04-24,86.0
114,2021-04-25,99.0
115,2021-04-26,203.0
116,2021-04-27,166.0
117,2021-04-28,156.0
118,2021-04-29,136.0
119,2021-04-30,187.0
120,2021-05-01,103.0
121,2021-05-02,92.0
122,2021-05-03,162.0
123,2021-05-04,194.0
124,2021-05-05,196.0
125,2021-05-06,177.0
126,2021-05-07,193.0
127,2021-05-08,113.0
128,2021-05-09,92.0
129,2021-05-10,194.0
130,2021-05-11,193.0
131,2021-05-12,200.0
132,2021-05-13,187.0
133,2021-05-14,157.0
134,2021-05-15,107.0
135,2021-05-16,75.0
136,2021-05-17,166.0
137,2021-05-18,188.0
138,2021-05-19,187.0
139,2021-05-20,184.0
140,2021-05-21,176.0
141,2021-05-22,82.0
142,2021-05-23,75.0
143,2021-05-24,79.0
144,2021-05-25,161.0
145,2021-05-26,185.0
146,2021-05-27,177.0
147,2021-05-28,152.0
148,2021-05-29,87.0
149,2021-05-30,83.0
150,2021-05-31,173.0
151,2021-06-01,194.0
152,2021-06-02,197.0
153,2021-06-03,187.0
154,2021-06-04,185.0
155,2021-06-05,97.0
156,2021-06-06,99.0
157,2021-06-07,170.0
158,2021-06-08,195.0
159,2021-06-09,198.0
160,2021-06-10,184.0
161,2021-06-11,131.0
162,2021-06-12,94.0
163,2021-06-13,96.0
164,2021-06-14,139.0
165,2021-06-15,169.0
166,2021-06-16,184.0
167,2021-06-17,204.0
168,2021-06-18,182.0
169,2021-06-19,160.0
170,2021-06-20,130.0
171,2021-06-21,180.0
172,2021-06-22,142.0
173,2021-06-23,143.0
174,2021-06-24,161.0
175,2021-06-25,171.0
176,2021-06-26,136.0
177,2021-06-27,136.0
178,2021-06-28,179.0
179,2021-06-29,171.0
180,2021-06-30,212.0
181,2021-07-01,27.0
182,2021-07-02,49.0
183,2021-07-03,33.0
184,2021-07-04,31.0
185,2021-07-05,27.0
186,2021-07-06,36.0
187,2021-07-07,43.0
188,2021-07-08,15.0
189,2021-07-09,23.0
190,2021-07-10,47.0
191,2021-07-11,31.0
192,2021-07-12,28.0
193,2021-07-13,34.0
194,2021-07-14,31.0
195,2021-07-15,30.0
196,2021-07-16,42.0
197,2021-07-17,36.0
198,2021-07-18,34.0
199,2021-07-19,41.0
200,2021-07-20,28.0
201,2021-07-21,40.0
202,2021-07-22,26.0
203,2021-07-23,49.0
204,2021-07-24,36.0
205,2021-07-25,35.0
206,2021-07-26,36.0
207,2021-07-27,10.0
208,2021-07-28,37.0
209,2021-07-29,59.0
210,2021-07-30,34.0
211,2021-07-31,44.0
212,2021-08-01,32.0
213,2021-08-02,26.0
214,2021-08-03,37.0
215,2021-08-04,30.0
216,2021-08-05,41.0
217,2021-08-06,49.0
218,2021-08-07,56.0
219,2021-08-08,37.0
220,2021-08-09,59.0
221,2021-08-10,41.0
222,2021-08-11,38.0
223,2021-08-12,38.0
224,2021-08-13,55.0
225,2021-08-14,52.0
226,2021-08-15,31.0
227,2021-08-16,35.0
228,2021-08-17,49.0
229,2021-08-18,37.0
230,2021-08-19,46.0
231,2021-08-20,51.0
232,2021-08-21,46.0
233,2021-08-22,32.0
234,2021-08-23,40.0
235,2021-08-24,32.0
236,2021-08-25,27.0
237,2021-08-26,28.0
238,2021-08-27,50.0
239,2021-08-28,40.0
240,2021-08-29,17.0
241,2021-08-30,40.0
242,2021-08-31,34.0
243,2021-09-01,134.0
244,2021-09-02,148.0
245,2021-09-03,145.0
246,2021-09-04,114.0
247,2021-09-05,89.0
248,2021-09-06,63.0
249,2021-09-07,105.0
250,2021-09-08,121.0
251,2021-09-09,132.0
252,2021-09-10,122.0
253,2021-09-11,101.0
254,2021-09-12,80.0
255,2021-09-13,115.0
256,2021-09-14,138.0
257,2021-09-15,124.0
258,2021-09-16,121.0
259,2021-09-17,136.0
260,2021-09-18,109.0
261,2021-09-19,73.0
262,2021-09-20,112.0
263,2021-09-21,115.0
264,2021-09-22,142.0
265,2021-09-23,117.0
266,2021-09-24,134.0
267,2021-09-25,120.0
268,2021-09-26,94.0
269,2021-09-27,126.0
270,2021-09-28,141.0
271,2021-09-29,128.0
272,2021-09-30,130.0
273,2021-10-01,116.0
274,2021-10-02,113.0
275,2021-10-03,67.0
276,2021-10-04,128.0
277,2021-10-05,99.0
278,2021-10-06,136.0
279,2021-10-07,188.0
280,2021-10-08,112.0
281,2021-10-09,105.0
282,2021-10-10,100.0
283,2021-10-11,90.0
284,2021-10-12,141.0
285,2021-10-13,128.0
286,2021-10-14,156.0
287,2021-10-15,115.0
288,2021-10-16,127.0
289,2021-10-17,68.0
290,2021-10-18,112.0
291,2021-10-19,147.0
292,2021-10-20,125.0
293,2021-10-21,124.0
294,2021-10-22,107.0
295,2021-10-23,95.0
296,2021-10-24,66.0
297,2021-10-25,145.0
298,2021-10-26,196.0
299,2021-10-27,216.0
300,2021-10-28,168.0
301,2021-10-29,94.0
302,2021-10-30,56.0
303,2021-10-31,32.0
304,2021-11-01,34.0
305,2021-11-02,48.0
306,2021-11-03,39.0
307,2021-11-04,52.0
308,2021-11-05,78.0
309,2021-11-06,78.0
310,2021-11-07,66.0
311,2021-11-08,80.0
312,2021-11-09,103.0
313,2021-11-10,114.0
314,2021-11-11,128.0
315,2021-11-12,122.0
316,2021-11-13,106.0
317,2021-11-14,88.0
318,2021-11-15,98.0
319,2021-11-16,154.0
320,2021-11-17,158.0
321,2021-11-18,176.0
322,2021-11-19,189.0
323,2021-11-20,83.0
324,2021-11-21,70.0
325,2021-11-22,99.0
326,2021-11-23,113.0
327,2021-11-24,118.0
328,2021-11-25,141.0
329,2021-11-26,115.0
330,2021-11-27,54.0
331,2021-11-28,98.0
332,2021-11-29,75.0
333,2021-11-30,127.0
334,2021-12-01,106.0
335,2021-12-02,129.0
336,2021-12-03,147.0
337,2021-12-04,67.0
338,2021-12-05,60.0
339,2021-12-06,131.0
340,2021-12-07,125.0
341,2021-12-08,156.0
342,2021-12-09,120.0
343,2021-12-10,154.0
344,2021-12-11,111.0
345,2021-12-12,98.0
346,2021-12-13,113.0
347,2021-12-14,108.0
348,2021-12-15,136.0
349,2021-12-16,162.0
350,2021-12-17,226.0
351,2021-12-18,146.0
352,2021-12-19,95.0
353,2021-12-20,168.0
354,2021-12-21,147.0
355,2021-12-22,258.0
356,2021-12-23,288.0
357,2021-12-24,281.0
358,2021-12-25,100.0
359,2021-12-26,89.0
360,2021-12-27,99.0
361,2021-12-28,263.0
362,2021-12-29,323.0
363,2021-12-30,382.0
364,2021-12-31,459.0
365,2022-01-01,142.0
366,2022-01-02,130.0
367,2022-01-03,282.0
368,2022-01-04,226.0
369,2022-01-05,295.0
370,2022-01-06,268.0
371,2022-01-07,297.0
372,2022-01-08,172.0
373,2022-01-09,101.0
374,2022-01-10,237.0
375,2022-01-11,232.0
376,2022-01-12,185.0
377,2022-01-13,162.0
378,2022-01-14,198.0
379,2022-01-15,178.0
380,2022-01-16,101.0
381,2022-01-17,187.0
382,2022-01-18,263.0
383,2022-01-19,289.0
384,2022-01-20,249.0
385,2022-01-21,196.0
386,2022-01-22,119.0
387,2022-01-23,133.0
388,2022-01-24,190.0
389,2022-01-25,167.0
390,2022-01-26,175.0
391,2022-01-27,153.0
392,2022-01-28,158.0
393,2022-01-29,137.0
394,2022-01-30,76.0
395,2022-01-31,154.0
396,2022-02-01,130.0
397,2022-02-02,202.0
398,2022-02-03,204.0
399,2022-02-04,161.0
400,2022-02-05,105.0
401,2022-02-06,89.0
402,2022-02-07,130.0
403,2022-02-08,129.0
404,2022-02-09,144.0
405,2022-02-10,118.0
406,2022-02-11,142.0
407,2022-02-12,143.0
408,2022-02-13,130.0
409,2022-02-14,121.0
410,2022-02-15,116.0
411,2022-02-16,139.0
412,2022-02-17,231.0
413,2022-02-18,233.0
414,2022-02-19,152.0
415,2022-02-20,118.0
416,2022-02-21,69.0
417,2022-02-22,142.0
418,2022-02-23,130.0
419,2022-02-24,139.0
420,2022-02-25,182.0
421,2022-02-26,123.0
422,2022-02-27,95.0
423,2022-02-28,143.0
424,2022-03-01,97.0
425,2022-03-02,106.0
426,2022-03-03,116.0
427,2022-03-04,128.0
428,2022-03-05,124.0
429,2022-03-06,111.0
430,2022-03-07,139.0
431,2022-03-08,105.0
432,2022-03-09,107.0
433,2022-03-10,108.0
434,2022-03-11,148.0
435,2022-03-12,105.0
436,2022-03-13,57.0
437,2022-03-14,152.0
438,2022-03-15,157.0
439,2022-03-16,179.0
440,2022-03-17,181.0
441,2022-03-18,202.0
442,2022-03-19,138.0
443,2022-03-20,78.0
444,2022-03-21,139.0
445,2022-03-22,131.0
446,2022-03-23,135.0
447,2022-03-24,142.0
448,2022-03-25,159.0
449,2022-03-26,85.0
450,2022-03-27,87.0
451,2022-03-28,127.0
452,2022-03-29,163.0
453,2022-03-30,155.0
454,2022-03-31,168.0
455,2022-04-01,150.0
456,2022-04-02,118.0
457,2022-04-03,72.0
458,2022-04-04,148.0
459,2022-04-05,133.0
460,2022-04-06,153.0
461,2022-04-07,147.0
462,2022-04-08,135.0
463,2022-04-09,108.0
464,2022-04-10,66.0
465,2022-04-11,135.0
466,2022-04-12,143.0
467,2022-04-13,175.0
468,2022-04-14,198.0
469,2022-04-15,96.0
470,2022-04-16,122.0
471,2022-04-17,79.0
472,2022-04-18,124.0
473,2022-04-19,153.0
474,2022-04-20,148.0
475,2022-04-21,132.0
476,2022-04-22,151.0
477,2022-04-23,114.0
478,2022-04-24,95.0
479,2022-04-25,169.0
480,2022-04-26,134.0
481,2022-04-27,163.0
482,2022-04-28,173.0
483,2022-04-29,206.0
484,2022-04-30,137.0
485,2022-05-01,77.0
486,2022-05-02,197.0
487,2022-05-03,184.0
488,2022-05-04,172.0
489,2022-05-05,170.0
490,2022-05-06,193.0
491,2022-05-07,171.0
492,2022-05-08,75.0
493,2022-05-09,160.0
494,2022-05-10,156.0
495,2022-05-11,174.0
496,2022-05-12,159.0
497,2022-05-13,228.0
498,2022-05-14,130.0
499,2022-05-15,133.0
500,2022-05-16,150.0
501,2022-05-17,125.0
502,2022-05-18,120.0
503,2022-05-19,121.0
504,2022-05-20,221.0
505,2022-05-21,151.0
506,2022-05-22,51.0
507,2022-05-23,71.0
508,2022-05-24,156.0
509,2022-05-25,112.0
510,2022-05-26,155.0
511,2022-05-27,158.0
512,2022-05-28,124.0
513,2022-05-29,83.0
514,2022-05-30,130.0
515,2022-05-31,147.0
516,2022-06-01,132.0
517,2022-06-02,129.0
518,2022-06-03,155.0
519,2022-06-04,150.0
520,2022-06-05,125.0
521,2022-06-06,172.0
522,2022-06-07,155.0
523,2022-06-08,159.0
524,2022-06-09,145.0
525,2022-06-10,199.0
526,2022-06-11,167.0
527,2022-06-12,105.0
528,2022-06-13,193.0
529,2022-06-14,144.0
530,2022-06-15,168.0
531,2022-06-16,209.0
532,2022-06-17,249.0
533,2022-06-18,174.0
534,2022-06-19,115.0
535,2022-06-20,141.0
536,2022-06-21,203.0
537,2022-06-22,236.0
538,2022-06-23,163.0
539,2022-06-24,149.0
540,2022-06-25,89.0
541,2022-06-26,86.0
542,2022-06-27,149.0
543,2022-06-28,170.0
544,2022-06-29,196.0
545,2022-06-30,198.0
546,2022-07-01,73.0
547,2022-07-02,143.0
548,2022-07-03,118.0
549,2022-07-04,158.0
550,2022-07-05,220.0
551,2022-07-06,171.0
552,2022-07-07,186.0
553,2022-07-08,236.0
554,2022-07-09,165.0
555,2022-07-10,130.0
556,2022-07-11,173.0
557,2022-07-12,211.0
558,2022-07-13,192.0
559,2022-07-14,214.0
560,2022-07-15,202.0
561,2022-07-16,197.0
562,2022-07-17,119.0
563,2022-07-18,261.0
564,2022-07-19,270.0
565,2022-07-20,237.0
566,2022-07-21,232.0
567,2022-07-22,280.0
568,2022-07-23,153.0
569,2022-07-24,161.0
570,2022-07-25,210.0
571,2022-07-26,252.0
572,2022-07-27,274.0
573,2022-07-28,251.0
574,2022-07-29,229.0
575,2022-07-30,156.0
576,2022-07-31,140.0
